-- MySQL dump 10.13  Distrib 8.0.41, for Win64 (x86_64)
--
-- Host: localhost    Database: auth
-- ------------------------------------------------------
-- Server version	8.0.41

/*!40101 SET @OLD_CHARACTER_SET_CLIENT=@@CHARACTER_SET_CLIENT */;
/*!40101 SET @OLD_CHARACTER_SET_RESULTS=@@CHARACTER_SET_RESULTS */;
/*!40101 SET @OLD_COLLATION_CONNECTION=@@COLLATION_CONNECTION */;
/*!50503 SET NAMES utf8mb4 */;
/*!40103 SET @OLD_TIME_ZONE=@@TIME_ZONE */;
/*!40103 SET TIME_ZONE='+00:00' */;
/*!40014 SET @OLD_UNIQUE_CHECKS=@@UNIQUE_CHECKS, UNIQUE_CHECKS=0 */;
/*!40014 SET @OLD_FOREIGN_KEY_CHECKS=@@FOREIGN_KEY_CHECKS, FOREIGN_KEY_CHECKS=0 */;
/*!40101 SET @OLD_SQL_MODE=@@SQL_MODE, SQL_MODE='NO_AUTO_VALUE_ON_ZERO' */;
/*!40111 SET @OLD_SQL_NOTES=@@SQL_NOTES, SQL_NOTES=0 */;

--
-- Table structure for table `authorization`
--

DROP TABLE IF EXISTS `authorization`;
/*!40101 SET @saved_cs_client     = @@character_set_client */;
/*!50503 SET character_set_client = utf8mb4 */;
CREATE TABLE `authorization` (
  `user_role` varchar(20) CHARACTER SET utf8mb4 COLLATE utf8mb4_general_ci NOT NULL,
  `api` varchar(350) CHARACTER SET utf8mb4 COLLATE utf8mb4_0900_ai_ci NOT NULL,
  `menuauthid` varchar(255) CHARACTER SET utf8mb4 COLLATE utf8mb4_general_ci NOT NULL,
  `date_time` timestamp NOT NULL DEFAULT CURRENT_TIMESTAMP,
  `enable` bit(1) DEFAULT b'1',
  PRIMARY KEY (`user_role`,`api`,`menuauthid`),
  UNIQUE KEY `uniquefield` (`user_role`,`menuauthid`,`api`)
) ENGINE=InnoDB DEFAULT CHARSET=utf8mb4 COLLATE=utf8mb4_general_ci COMMENT='User authorization';
/*!40101 SET character_set_client = @saved_cs_client */;

--
-- Dumping data for table `authorization`
--

LOCK TABLES `authorization` WRITE;
/*!40000 ALTER TABLE `authorization` DISABLE KEYS */;
INSERT INTO `authorization` VALUES ('Admin','/api/admin/charity/list','manageprojects','2025-06-05 16:04:51',_binary ''),('Admin','/api/admin/project/files/list','manageprojects','2025-06-05 16:04:51',_binary ''),('Admin','/api/admin/project/files/upload','manageprojects','2025-06-05 16:04:51',_binary ''),('Admin','/api/admin/project/list','manageprojects','2025-06-05 16:04:51',_binary ''),('Admin','/api/admin/project/remove','manageprojects','2025-06-05 16:04:51',_binary ''),('Admin','/api/admin/project/save','manageprojects','2025-06-05 16:04:51',_binary ''),('Admin','/api/user/authorization','global','2025-06-05 16:04:51',_binary ''),('Admin','/api/user/change/email','profile','2025-06-05 16:04:51',_binary ''),('Admin','/api/user/change/mobile','profile','2025-06-05 16:04:51',_binary ''),('Admin','/api/user/details','global','2025-06-05 16:04:51',_binary ''),('Admin','/api/user/menu/list','global','2025-06-05 16:04:51',_binary ''),('Admin','/api/user/token/force/revoke','tokens','2025-06-05 16:04:51',_binary ''),('Admin','/api/user/token/list','tokens','2025-06-05 16:04:51',_binary ''),('Admin','/api/user/update','profile','2025-06-05 16:04:51',_binary ''),('Admin','/api/user/verify/change/email','profile','2025-06-05 16:04:51',_binary ''),('Admin','/api/user/verify/change/mobile','profile','2025-06-05 16:04:51',_binary ''),('Admin','api/admin/project/file/remove/','manageprojects','2025-06-05 16:04:51',_binary ''),('Admin','showallusers','manageprojects','2025-06-05 16:04:51',_binary ''),('GRCAdmin','/api/request/list','','2025-02-02 13:44:37',_binary ''),('SuperAdmin','/api/admin/auth/type/list','manageroles','2025-06-05 12:11:20',_binary ''),('SuperAdmin','/api/admin/charity/list','manageprojects','2025-06-05 12:11:20',_binary ''),('SuperAdmin','/api/admin/menu/list','manageroles','2025-06-05 12:11:20',_binary ''),('SuperAdmin','/api/admin/project/files/list','manageprojects','2025-06-05 12:11:20',_binary ''),('SuperAdmin','/api/admin/project/files/upload','manageprojects','2025-06-05 12:11:20',_binary ''),('SuperAdmin','/api/admin/project/list','manageprojects','2025-06-05 12:11:20',_binary ''),('SuperAdmin','/api/admin/project/remove','manageprojects','2025-06-05 12:11:20',_binary ''),('SuperAdmin','/api/admin/project/save','manageprojects','2025-06-05 12:11:20',_binary ''),('SuperAdmin','/api/admin/role/list','manageroles','2025-06-05 12:11:20',_binary ''),('SuperAdmin','/api/admin/role/list','manageusers','2025-06-05 12:11:20',_binary ''),('SuperAdmin','/api/admin/role/menu/list','manageroles','2025-06-05 12:11:20',_binary ''),('SuperAdmin','/api/admin/role/menu/remove','manageroles','2025-06-05 12:11:20',_binary ''),('SuperAdmin','/api/admin/role/menu/save','manageroles','2025-06-05 12:11:20',_binary ''),('SuperAdmin','/api/admin/settings/details','manageroles','2025-06-05 12:11:20',_binary ''),('SuperAdmin','/api/admin/settings/update','manageroles','2025-06-05 12:11:20',_binary ''),('SuperAdmin','/api/admin/team/list','manageroles','2025-06-05 12:11:20',_binary ''),('SuperAdmin','/api/admin/team/list','manageteams','2025-06-05 12:11:20',_binary ''),('SuperAdmin','/api/admin/team/remove','manageteams','2025-06-05 12:11:20',_binary ''),('SuperAdmin','/api/admin/team/save','manageteams','2025-06-05 12:11:20',_binary ''),('SuperAdmin','/api/admin/token/force/revoke','managetokens','2025-06-05 12:11:20',_binary ''),('SuperAdmin','/api/admin/token/list','managetokens','2025-06-05 12:11:20',_binary ''),('SuperAdmin','/api/admin/user/able','manageusers','2025-06-05 12:11:20',_binary ''),('SuperAdmin','/api/admin/user/create','manageusers','2025-06-05 12:11:20',_binary ''),('SuperAdmin','/api/admin/user/details','manageusers','2025-06-05 12:11:20',_binary ''),('SuperAdmin','/api/admin/user/list','manageusers','2025-06-05 12:11:20',_binary ''),('SuperAdmin','/api/admin/user/list/count','manageusers','2025-06-05 12:11:20',_binary ''),('SuperAdmin','/api/admin/user/update','manageusers','2025-06-05 12:11:20',_binary ''),('SuperAdmin','/api/request/list','managerequests','2025-06-05 12:11:20',_binary ''),('SuperAdmin','/api/user/authorization','global','2025-06-05 12:11:20',_binary ''),('SuperAdmin','/api/user/change/email','profile','2025-06-05 12:11:20',_binary ''),('SuperAdmin','/api/user/change/mobile','profile','2025-06-05 12:11:20',_binary ''),('SuperAdmin','/api/user/details','global','2025-06-05 12:11:20',_binary ''),('SuperAdmin','/api/user/menu/list','global','2025-06-05 12:11:20',_binary ''),('SuperAdmin','/api/user/token/force/revoke','tokens','2025-06-05 12:11:20',_binary ''),('SuperAdmin','/api/user/token/list','tokens','2025-06-05 12:11:20',_binary ''),('SuperAdmin','/api/user/update','profile','2025-06-05 12:11:20',_binary ''),('SuperAdmin','/api/user/verify/change/email','profile','2025-06-05 12:11:20',_binary ''),('SuperAdmin','/api/user/verify/change/mobile','profile','2025-06-05 12:11:20',_binary ''),('SuperAdmin','api/admin/project/file/remove/','manageprojects','2025-06-05 12:11:20',_binary ''),('SuperAdmin','showallusers','manageprojects','2025-06-05 12:11:20',_binary ''),('User','/api/admin/charity/list','manageprojects','2025-06-05 12:11:12',_binary ''),('User','/api/admin/project/files/list','manageprojects','2025-06-05 12:11:12',_binary ''),('User','/api/admin/project/list','manageprojects','2025-06-05 12:11:12',_binary ''),('User','/api/user/authorization','global','2025-06-05 12:11:12',_binary ''),('User','/api/user/change/email','profile','2025-06-05 12:11:12',_binary ''),('User','/api/user/change/mobile','profile','2025-06-05 12:11:12',_binary ''),('User','/api/user/details','global','2025-06-05 12:11:12',_binary ''),('User','/api/user/menu/list','global','2025-06-05 12:11:12',_binary ''),('User','/api/user/token/force/revoke','tokens','2025-06-05 12:11:12',_binary ''),('User','/api/user/token/list','tokens','2025-06-05 12:11:12',_binary ''),('User','/api/user/update','profile','2025-06-05 12:11:12',_binary ''),('User','/api/user/verify/change/email','profile','2025-06-05 12:11:12',_binary ''),('User','/api/user/verify/change/mobile','profile','2025-06-05 12:11:12',_binary '');
/*!40000 ALTER TABLE `authorization` ENABLE KEYS */;
UNLOCK TABLES;

--
-- Table structure for table `menu`
--

DROP TABLE IF EXISTS `menu`;
/*!40101 SET @saved_cs_client     = @@character_set_client */;
/*!50503 SET character_set_client = utf8mb4 */;
CREATE TABLE `menu` (
  `id` varchar(50) CHARACTER SET utf8mb4 COLLATE utf8mb4_general_ci NOT NULL,
  `lang` varchar(20) CHARACTER SET utf8mb4 COLLATE utf8mb4_general_ci DEFAULT 'en',
  `name` varchar(200) CHARACTER SET utf8mb4 COLLATE utf8mb4_general_ci DEFAULT NULL,
  `href` text CHARACTER SET utf8mb4 COLLATE utf8mb4_general_ci,
  `onclick` text CHARACTER SET utf8mb4 COLLATE utf8mb4_general_ci,
  `icon` text CHARACTER SET utf8mb4 COLLATE utf8mb4_general_ci,
  `order` int DEFAULT '0',
  `isget` bit(1) DEFAULT b'0',
  `ispost` bit(1) DEFAULT b'0',
  `isupdate` bit(1) DEFAULT b'0',
  `isdelete` bit(1) DEFAULT b'0',
  `isconfiguration` bit(1) DEFAULT b'0',
  `parent_id` varchar(50) CHARACTER SET utf8mb4 COLLATE utf8mb4_general_ci DEFAULT NULL,
  `date_time` timestamp NULL DEFAULT CURRENT_TIMESTAMP,
  `auth_id` varchar(50) CHARACTER SET utf8mb4 COLLATE utf8mb4_general_ci NOT NULL,
  `show` bit(1) DEFAULT b'1',
  `additionalconfig` varchar(255) CHARACTER SET utf8mb4 COLLATE utf8mb4_general_ci DEFAULT NULL,
  `opendropdownlist` bit(1) NOT NULL DEFAULT b'0',
  `showdropdownlist` bit(1) NOT NULL DEFAULT b'0',
  `accessibleactions` varchar(255) CHARACTER SET utf8mb4 COLLATE utf8mb4_general_ci DEFAULT NULL,
  PRIMARY KEY (`id`)
) ENGINE=InnoDB DEFAULT CHARSET=utf8mb4 COLLATE=utf8mb4_general_ci COMMENT='I added get, post, update, delete, and configure in case a page has these actions (if true), admin can choose to allow users menu action for the selected menu';
/*!40101 SET character_set_client = @saved_cs_client */;

--
-- Dumping data for table `menu`
--

LOCK TABLES `menu` WRITE;
/*!40000 ALTER TABLE `menu` DISABLE KEYS */;
INSERT INTO `menu` VALUES ('arabic','en','Arabic',NULL,'changeLanguageSwitch(\'ar\')','fa fa-language',80,_binary '\0',_binary '\0',_binary '\0',_binary '\0',_binary '\0','translateen','2025-01-12 09:04:02','enar',_binary '',NULL,_binary '\0',_binary '\0',NULL),('charityar','ar','صدقة',NULL,NULL,'fa fa-briefcase',800,_binary '\0',_binary '\0',_binary '\0',_binary '\0',_binary '\0',NULL,'2025-01-12 09:04:02','charity',_binary '',NULL,_binary '\0',_binary '',NULL),('charityen','en','Charity',NULL,NULL,'fa fa-briefcase',800,_binary '\0',_binary '\0',_binary '\0',_binary '\0',_binary '\0',NULL,'2025-01-12 09:04:02','charity',_binary '',NULL,_binary '\0',_binary '',NULL),('darkar','ar','عتمة',NULL,'changeStyleSwitch(\'dark\')','fa fa-square',130,_binary '\0',_binary '\0',_binary '\0',_binary '\0',_binary '\0','stylear','2025-01-12 09:04:02','dark',_binary '',NULL,_binary '\0',_binary '\0',NULL),('darken','en','Dark',NULL,'changeStyleSwitch(\'dark\')','fa fa-square',110,_binary '\0',_binary '\0',_binary '\0',_binary '\0',_binary '\0','styleen','2025-01-12 09:04:02','dark',_binary '',NULL,_binary '\0',_binary '\0',NULL),('english','ar','إنجليزي',NULL,'changeLanguageSwitch(\'en\')','fa fa-language',70,_binary '\0',_binary '\0',_binary '\0',_binary '\0',_binary '\0','translatear','2025-01-12 09:04:02','enar',_binary '',NULL,_binary '\0',_binary '\0',NULL),('indexar','ar','الصفحة الرئيسية','index',NULL,'icon-speedometer',20,_binary '',_binary '\0',_binary '\0',_binary '\0',_binary '',NULL,'2025-01-12 09:04:02','index',_binary '',NULL,_binary '\0',_binary '\0',NULL),('indexen','en','Dashboard','index',NULL,'icon-speedometer',10,_binary '',_binary '\0',_binary '\0',_binary '\0',_binary '',NULL,'2025-01-12 09:04:02','index',_binary '',NULL,_binary '\0',_binary '\0',NULL),('logoutar','ar','تسجيل خروج','logout',NULL,'fa fa-sign-out',1110,_binary '\0',_binary '\0',_binary '\0',_binary '\0',_binary '\0',NULL,'2025-01-12 09:04:02','logout',_binary '',NULL,_binary '\0',_binary '\0',NULL),('logouten','en','Logout','logout',NULL,'fa fa-sign-out',1100,_binary '\0',_binary '\0',_binary '\0',_binary '\0',_binary '\0',NULL,'2025-01-12 09:04:02','logout',_binary '',NULL,_binary '\0',_binary '\0',NULL),('managear','ar','إدارة',NULL,NULL,'fa fa-briefcase',200,_binary '\0',_binary '\0',_binary '\0',_binary '\0',_binary '\0',NULL,'2025-01-12 09:04:02','manage',_binary '',NULL,_binary '\0',_binary '',NULL),('manageen','en','Manage',NULL,NULL,'fa fa-briefcase',190,_binary '\0',_binary '\0',_binary '\0',_binary '\0',_binary '\0',NULL,'2025-01-12 09:04:02','manage',_binary '',NULL,_binary '\0',_binary '',NULL),('manageprojectsar','ar','المشاريع','manageprojects',NULL,'fa fa-folder-o',810,_binary '',_binary '',_binary '',_binary '',_binary '','charityar','2025-02-02 13:47:02','manageprojects',_binary '','Show All Users',_binary '\0',_binary '\0',NULL),('manageprojectsen','en','Projects','manageprojects',NULL,'fa fa-folder-o',810,_binary '',_binary '',_binary '',_binary '',_binary '','charityen','2025-02-02 13:47:02','manageprojects',_binary '','Show All Users',_binary '\0',_binary '\0',NULL),('managerequestsar','ar','الطلبات','managerequests',NULL,'fa fa-folder-o',400,_binary '',_binary '',_binary '',_binary '',_binary '\0','mounaqasaar','2025-02-02 13:47:02','managerequests',_binary '',NULL,_binary '\0',_binary '\0',NULL),('managerequestsen','en','Requests','managerequests',NULL,'fa fa-folder-o',400,_binary '',_binary '',_binary '',_binary '',_binary '\0','mounaqasaen','2025-02-02 13:47:02','managerequests',_binary '',NULL,_binary '\0',_binary '\0',NULL),('managerolesar','ar','الأدوار','manageroles',NULL,'fa fa-cogs',240,_binary '',_binary '',_binary '',_binary '',_binary '\0','managear','2025-01-12 09:04:02','manageroles',_binary '',NULL,_binary '\0',_binary '\0',NULL),('managerolesen','en','Roles','manageroles',NULL,'fa fa-cogs',230,_binary '',_binary '',_binary '',_binary '',_binary '\0','manageen','2025-01-12 09:04:02','manageroles',_binary '',NULL,_binary '\0',_binary '\0',NULL),('manageteamsar','ar','الفرق','manageteams',NULL,'fa fa-code-fork',235,_binary '',_binary '',_binary '',_binary '',_binary '\0','managear','2025-04-06 10:52:56','manageteams',_binary '',NULL,_binary '\0',_binary '\0',NULL),('manageteamsen','en','Teams','manageteams',NULL,'fa fa-code-fork',225,_binary '',_binary '',_binary '',_binary '',_binary '\0','manageen','2025-04-06 10:52:55','manageteams',_binary '',NULL,_binary '\0',_binary '\0',NULL),('managetokensar','ar','جلسات المستخدمين','managetokens',NULL,'fa fa-wrench',260,_binary '',_binary '',_binary '',_binary '',_binary '\0','managear','2025-01-12 09:04:02','managetokens',_binary '',NULL,_binary '\0',_binary '\0',NULL),('managetokensen','en','User Sessions','managetokens',NULL,'fa fa-wrench',250,_binary '',_binary '',_binary '',_binary '',_binary '\0','manageen','2025-01-12 09:04:02','managetokens',_binary '',NULL,_binary '\0',_binary '\0',NULL),('manageusersar','ar','المستخدمين','manageusers',NULL,'fa fa-users',220,_binary '',_binary '',_binary '',_binary '',_binary '\0','managear','2025-01-12 09:04:02','manageusers',_binary '',NULL,_binary '\0',_binary '\0',NULL),('manageusersen','en','Users','manageusers',NULL,'fa fa-users',210,_binary '',_binary '',_binary '',_binary '',_binary '\0','manageen','2025-01-12 09:04:02','manageusers',_binary '',NULL,_binary '\0',_binary '\0',NULL),('mounaqasaar','ar','المناقصة',NULL,NULL,'fa fa-briefcase',600,_binary '\0',_binary '\0',_binary '\0',_binary '\0',_binary '\0',NULL,'2025-01-12 09:04:02','mounaqasa',_binary '',NULL,_binary '\0',_binary '',NULL),('mounaqasaen','en','Mounaqasa',NULL,NULL,'fa fa-briefcase',600,_binary '\0',_binary '\0',_binary '\0',_binary '\0',_binary '\0',NULL,'2025-01-12 09:04:02','mounaqasa',_binary '',NULL,_binary '\0',_binary '',NULL),('profilear','ar','الملف الشخصي','profile',NULL,'fa fa-user',160,_binary '',_binary '\0',_binary '',_binary '\0',_binary '\0','settingsar','2025-01-12 09:04:02','profile',_binary '',NULL,_binary '\0',_binary '\0',NULL),('profileen','en','Profile','profile',NULL,'fa fa-user',150,_binary '',_binary '\0',_binary '',_binary '\0',_binary '\0','settingsen','2025-01-12 09:04:02','profile',_binary '',NULL,_binary '\0',_binary '\0',NULL),('settingsar','ar','إعدادات',NULL,NULL,'icon-settings',40,_binary '\0',_binary '\0',_binary '\0',_binary '\0',_binary '\0',NULL,'2025-01-12 09:04:02','settings',_binary '',NULL,_binary '\0',_binary '',NULL),('settingsen','en','Settings',NULL,NULL,'icon-settings',30,_binary '\0',_binary '\0',_binary '\0',_binary '\0',_binary '\0',NULL,'2025-01-12 09:04:02','settings',_binary '',NULL,_binary '\0',_binary '',NULL),('stylear','ar','شكل',NULL,NULL,'fa fa-eyedropper',100,_binary '\0',_binary '\0',_binary '\0',_binary '\0',_binary '\0','settingsar','2025-01-12 09:04:02','style',_binary '',NULL,_binary '\0',_binary '',NULL),('styleen','en','Style',NULL,NULL,'fa fa-eyedropper',90,_binary '\0',_binary '\0',_binary '\0',_binary '\0',_binary '\0','settingsen','2025-01-12 09:04:02','style',_binary '',NULL,_binary '\0',_binary '',NULL),('tokensar','ar','الجلسات','tokens',NULL,'fa fa-wrench',260,_binary '\0',_binary '\0',_binary '\0',_binary '\0',_binary '\0','settingsar','2025-01-12 09:04:02','tokens',_binary '',NULL,_binary '\0',_binary '\0',NULL),('tokensen','en','Sessions','tokens',NULL,'fa fa-wrench',250,_binary '\0',_binary '\0',_binary '\0',_binary '\0',_binary '\0','settingsen','2025-01-12 09:04:02','tokens',_binary '',NULL,_binary '\0',_binary '\0',NULL),('translatear','ar','ترجم',NULL,NULL,'fa fa-language',60,_binary '\0',_binary '\0',_binary '\0',_binary '\0',_binary '\0','settingsar','2025-01-12 09:04:02','translate',_binary '',NULL,_binary '\0',_binary '',NULL),('translateen','en','Translate',NULL,NULL,'fa fa-language',50,_binary '\0',_binary '\0',_binary '\0',_binary '\0',_binary '\0','settingsen','2025-01-12 09:04:02','translate',_binary '',NULL,_binary '\0',_binary '',NULL),('websitear','ar','موقع إلكتروني','public',NULL,'fa fa-globe',15,_binary '',_binary '\0',_binary '\0',_binary '\0',_binary '\0',NULL,'2025-06-05 12:10:18','website',_binary '',NULL,_binary '\0',_binary '\0',NULL),('websiteen','en','Website','public',NULL,'fa fa-globe',15,_binary '',_binary '\0',_binary '\0',_binary '\0',_binary '\0',NULL,'2025-06-05 12:10:18','website',_binary '',NULL,_binary '\0',_binary '\0',NULL),('whitear','ar','أبيض',NULL,'changeStyleSwitch(\'white\')','fa fa-square-o',140,_binary '\0',_binary '\0',_binary '\0',_binary '\0',_binary '\0','stylear','2025-01-12 09:04:02','white',_binary '',NULL,_binary '\0',_binary '\0',NULL),('whiteen','en','White',NULL,'changeStyleSwitch(\'white\')','fa fa-square-o',120,_binary '\0',_binary '\0',_binary '\0',_binary '\0',_binary '\0','styleen','2025-01-12 09:04:02','white',_binary '',NULL,_binary '\0',_binary '\0',NULL);
/*!40000 ALTER TABLE `menu` ENABLE KEYS */;
UNLOCK TABLES;

--
-- Table structure for table `menu_authorization`
--

DROP TABLE IF EXISTS `menu_authorization`;
/*!40101 SET @saved_cs_client     = @@character_set_client */;
/*!50503 SET character_set_client = utf8mb4 */;
CREATE TABLE `menu_authorization` (
  `id` bigint NOT NULL AUTO_INCREMENT,
  `menu_auth_id` varchar(255) CHARACTER SET utf8mb4 COLLATE utf8mb4_general_ci NOT NULL,
  `api` varchar(700) CHARACTER SET utf8mb4 COLLATE utf8mb4_general_ci NOT NULL,
  `date_time` timestamp NOT NULL DEFAULT CURRENT_TIMESTAMP,
  `isget` bit(1) DEFAULT b'0',
  `ispost` bit(1) DEFAULT b'0',
  `isupdate` bit(1) DEFAULT b'0',
  `isdelete` bit(1) DEFAULT b'0',
  `isconfiguration` bit(1) DEFAULT b'0',
  `accessibleaction` varchar(255) CHARACTER SET utf8mb4 COLLATE utf8mb4_general_ci DEFAULT NULL,
  PRIMARY KEY (`id`)
) ENGINE=InnoDB AUTO_INCREMENT=48 DEFAULT CHARSET=utf8mb4 COLLATE=utf8mb4_general_ci COMMENT='Menu authorization';
/*!40101 SET character_set_client = @saved_cs_client */;

--
-- Dumping data for table `menu_authorization`
--

LOCK TABLES `menu_authorization` WRITE;
/*!40000 ALTER TABLE `menu_authorization` DISABLE KEYS */;
INSERT INTO `menu_authorization` VALUES (1,'global','/api/user/menu/list','2025-01-12 09:04:01',_binary '',_binary '\0',_binary '\0',_binary '\0',_binary '\0',NULL),(2,'global','/api/user/authorization','2025-01-12 09:04:01',_binary '',_binary '\0',_binary '\0',_binary '\0',_binary '\0',NULL),(3,'global','/api/user/details','2025-01-12 09:04:01',_binary '',_binary '\0',_binary '\0',_binary '\0',_binary '\0',NULL),(4,'profile','/api/user/update','2025-01-12 09:04:01',_binary '',_binary '\0',_binary '',_binary '\0',_binary '\0',NULL),(5,'profile','/api/user/verify/change/email','2025-01-12 09:04:01',_binary '',_binary '\0',_binary '\0',_binary '\0',_binary '\0',NULL),(6,'profile','/api/user/change/email','2025-01-12 09:04:01',_binary '',_binary '\0',_binary '\0',_binary '\0',_binary '\0',NULL),(7,'profile','/api/user/verify/change/mobile','2025-01-12 09:04:01',_binary '',_binary '\0',_binary '\0',_binary '\0',_binary '\0',NULL),(8,'profile','/api/user/change/mobile','2025-01-12 09:04:01',_binary '',_binary '\0',_binary '',_binary '\0',_binary '\0',NULL),(9,'profile','/api/user/change/password','2025-01-12 09:04:01',_binary '\0',_binary '\0',_binary '\0',_binary '\0',_binary '',NULL),(10,'manageusers','/api/admin/user/list','2025-01-12 09:04:01',_binary '',_binary '\0',_binary '\0',_binary '\0',_binary '\0',NULL),(11,'manageusers','/api/admin/user/list/count','2025-01-12 09:04:01',_binary '',_binary '\0',_binary '\0',_binary '\0',_binary '\0',NULL),(12,'manageusers','/api/admin/user/update','2025-01-12 09:04:01',_binary '',_binary '\0',_binary '',_binary '\0',_binary '\0',NULL),(13,'manageusers','/api/admin/role/list','2025-01-12 09:04:01',_binary '',_binary '\0',_binary '\0',_binary '\0',_binary '\0',NULL),(14,'manageusers','/api/admin/user/details','2025-01-12 09:04:01',_binary '',_binary '\0',_binary '\0',_binary '\0',_binary '\0',NULL),(15,'manageusers','/api/admin/user/able','2025-01-12 09:04:01',_binary '\0',_binary '\0',_binary '\0',_binary '',_binary '\0',NULL),(16,'manageusers','/api/admin/user/create','2025-01-12 09:04:01',_binary '\0',_binary '',_binary '\0',_binary '\0',_binary '\0',NULL),(17,'manageroles','/api/admin/role/menu/list','2025-01-12 09:04:01',_binary '',_binary '\0',_binary '\0',_binary '\0',_binary '\0',NULL),(18,'manageroles','/api/admin/role/menu/save','2025-01-12 09:04:01',_binary '\0',_binary '',_binary '',_binary '\0',_binary '\0',NULL),(19,'manageroles','/api/admin/auth/type/list','2025-01-12 09:04:01',_binary '',_binary '\0',_binary '\0',_binary '\0',_binary '\0',NULL),(20,'manageroles','/api/admin/menu/list','2025-01-12 09:04:01',_binary '',_binary '\0',_binary '\0',_binary '\0',_binary '\0',NULL),(21,'manageroles','/api/admin/role/menu/remove','2025-01-12 09:04:01',_binary '\0',_binary '\0',_binary '\0',_binary '',_binary '\0',NULL),(22,'manageroles','/api/admin/settings/details','2025-01-12 09:04:01',_binary '',_binary '\0',_binary '\0',_binary '\0',_binary '\0',NULL),(23,'manageroles','/api/admin/settings/update','2025-01-12 09:04:01',_binary '\0',_binary '\0',_binary '',_binary '\0',_binary '\0',NULL),(24,'managetokens','/api/admin/token/list','2025-01-12 09:04:01',_binary '',_binary '\0',_binary '\0',_binary '\0',_binary '\0',NULL),(25,'managetokens','/api/admin/token/force/revoke','2025-01-12 09:04:01',_binary '\0',_binary '\0',_binary '\0',_binary '',_binary '\0',NULL),(26,'tokens','/api/user/token/list','2025-01-12 09:04:01',_binary '',_binary '\0',_binary '\0',_binary '\0',_binary '\0',NULL),(27,'tokens','/api/user/token/force/revoke','2025-01-12 09:04:01',_binary '\0',_binary '\0',_binary '\0',_binary '',_binary '\0',NULL),(28,'managerequests','/api/request/list','2025-02-02 13:44:37',_binary '',_binary '\0',_binary '\0',_binary '\0',_binary '\0',NULL),(29,'managerequests','/api/request/list','2025-02-02 13:44:37',_binary '\0',_binary '',_binary '',_binary '\0',_binary '\0',NULL),(30,'manageteams','/api/admin/team/list','2025-04-06 10:53:28',_binary '',_binary '\0',_binary '\0',_binary '\0',_binary '\0',NULL),(31,'manageroles','/api/admin/team/list','2025-04-06 10:53:28',_binary '',_binary '\0',_binary '\0',_binary '\0',_binary '\0',NULL),(32,'manageteams','/api/admin/team/save','2025-04-06 10:53:43',_binary '\0',_binary '',_binary '',_binary '\0',_binary '\0',NULL),(37,'manageteams','/api/admin/team/remove','2025-04-06 10:55:01',_binary '\0',_binary '\0',_binary '\0',_binary '',_binary '\0',NULL),(38,'manageroles','/api/admin/role/list','2025-04-06 11:40:42',_binary '',_binary '\0',_binary '\0',_binary '\0',_binary '\0',NULL),(39,'manageprojects','/api/admin/project/list','2025-04-08 18:58:17',_binary '',_binary '\0',_binary '\0',_binary '\0',_binary '\0',NULL),(40,'manageprojects','/api/admin/project/save','2025-04-08 18:58:52',_binary '\0',_binary '',_binary '',_binary '\0',_binary '\0',NULL),(41,'manageprojects','/api/admin/charity/list','2025-04-08 19:51:39',_binary '',_binary '\0',_binary '\0',_binary '\0',_binary '\0',NULL),(42,'manageprojects','/api/admin/project/files/list','2025-04-17 17:44:28',_binary '',_binary '\0',_binary '\0',_binary '\0',_binary '\0',NULL),(43,'manageprojects','/api/admin/project/files/upload','2025-04-17 17:44:57',_binary '\0',_binary '',_binary '',_binary '\0',_binary '\0',NULL),(45,'manageprojects','api/admin/project/file/remove/','2025-04-17 17:45:39',_binary '\0',_binary '\0',_binary '\0',_binary '',_binary '\0',NULL),(46,'manageprojects','/api/admin/project/remove','2025-04-17 18:37:10',_binary '\0',_binary '\0',_binary '\0',_binary '',_binary '\0',NULL),(47,'manageprojects','showallusers','2025-06-03 19:40:59',_binary '\0',_binary '\0',_binary '\0',_binary '\0',_binary '',NULL);
/*!40000 ALTER TABLE `menu_authorization` ENABLE KEYS */;
UNLOCK TABLES;

--
-- Table structure for table `menu_role`
--

DROP TABLE IF EXISTS `menu_role`;
/*!40101 SET @saved_cs_client     = @@character_set_client */;
/*!50503 SET character_set_client = utf8mb4 */;
CREATE TABLE `menu_role` (
  `menu_id` varchar(50) CHARACTER SET utf8mb4 COLLATE utf8mb4_general_ci NOT NULL,
  `user_role` varchar(20) CHARACTER SET utf8mb4 COLLATE utf8mb4_general_ci NOT NULL,
  `isget` bit(1) DEFAULT b'0',
  `ispost` bit(1) DEFAULT b'0',
  `isupdate` bit(1) DEFAULT b'0',
  `isdelete` bit(1) DEFAULT b'0',
  `isconfiguration` bit(1) DEFAULT b'0',
  `accessibleactions` varchar(255) CHARACTER SET utf8mb4 COLLATE utf8mb4_general_ci DEFAULT NULL,
  PRIMARY KEY (`menu_id`,`user_role`),
  CONSTRAINT `FK3gapbw9hw4pgxo6x90qb1b69` FOREIGN KEY (`menu_id`) REFERENCES `menu` (`id`)
) ENGINE=InnoDB DEFAULT CHARSET=utf8mb4 COLLATE=utf8mb4_general_ci COMMENT='User Roles Menu, I added get, post, update delete configuration to allow specific role to specific action';
/*!40101 SET character_set_client = @saved_cs_client */;

--
-- Dumping data for table `menu_role`
--

LOCK TABLES `menu_role` WRITE;
/*!40000 ALTER TABLE `menu_role` DISABLE KEYS */;
INSERT INTO `menu_role` VALUES ('arabic','Admin',_binary '\0',_binary '\0',_binary '\0',_binary '\0',_binary '\0',NULL),('arabic','SuperAdmin',_binary '\0',_binary '\0',_binary '\0',_binary '\0',_binary '\0',NULL),('arabic','User',_binary '\0',_binary '\0',_binary '\0',_binary '\0',_binary '\0',NULL),('charityar','Admin',_binary '\0',_binary '\0',_binary '\0',_binary '\0',_binary '\0',NULL),('charityar','SuperAdmin',_binary '\0',_binary '\0',_binary '\0',_binary '\0',_binary '\0',NULL),('charityar','User',_binary '\0',_binary '\0',_binary '\0',_binary '\0',_binary '\0',NULL),('charityen','Admin',_binary '\0',_binary '\0',_binary '\0',_binary '\0',_binary '\0',NULL),('charityen','SuperAdmin',_binary '\0',_binary '\0',_binary '\0',_binary '\0',_binary '\0',NULL),('charityen','User',_binary '\0',_binary '\0',_binary '\0',_binary '\0',_binary '\0',NULL),('darkar','Admin',_binary '\0',_binary '\0',_binary '\0',_binary '\0',_binary '\0',NULL),('darkar','SuperAdmin',_binary '\0',_binary '\0',_binary '\0',_binary '\0',_binary '\0',NULL),('darkar','User',_binary '\0',_binary '\0',_binary '\0',_binary '\0',_binary '\0',NULL),('darken','Admin',_binary '\0',_binary '\0',_binary '\0',_binary '\0',_binary '\0',NULL),('darken','SuperAdmin',_binary '\0',_binary '\0',_binary '\0',_binary '\0',_binary '\0',NULL),('darken','User',_binary '\0',_binary '\0',_binary '\0',_binary '\0',_binary '\0',NULL),('english','Admin',_binary '\0',_binary '\0',_binary '\0',_binary '\0',_binary '\0',NULL),('english','SuperAdmin',_binary '\0',_binary '\0',_binary '\0',_binary '\0',_binary '\0',NULL),('english','User',_binary '\0',_binary '\0',_binary '\0',_binary '\0',_binary '\0',NULL),('indexar','Admin',_binary '',_binary '\0',_binary '\0',_binary '\0',_binary '\0',NULL),('indexar','SuperAdmin',_binary '',_binary '\0',_binary '\0',_binary '\0',_binary '',NULL),('indexar','User',_binary '',_binary '\0',_binary '\0',_binary '\0',_binary '\0',NULL),('indexen','Admin',_binary '',_binary '\0',_binary '\0',_binary '\0',_binary '\0',NULL),('indexen','SuperAdmin',_binary '',_binary '\0',_binary '\0',_binary '\0',_binary '',NULL),('indexen','User',_binary '',_binary '\0',_binary '\0',_binary '\0',_binary '\0',NULL),('logoutar','Admin',_binary '\0',_binary '\0',_binary '\0',_binary '\0',_binary '\0',NULL),('logoutar','SuperAdmin',_binary '\0',_binary '\0',_binary '\0',_binary '\0',_binary '\0',NULL),('logoutar','User',_binary '\0',_binary '\0',_binary '\0',_binary '\0',_binary '\0',NULL),('logouten','Admin',_binary '\0',_binary '\0',_binary '\0',_binary '\0',_binary '\0',NULL),('logouten','SuperAdmin',_binary '\0',_binary '\0',_binary '\0',_binary '\0',_binary '\0',NULL),('logouten','User',_binary '\0',_binary '\0',_binary '\0',_binary '\0',_binary '\0',NULL),('managear','SuperAdmin',_binary '\0',_binary '\0',_binary '\0',_binary '\0',_binary '\0',NULL),('manageen','SuperAdmin',_binary '\0',_binary '\0',_binary '\0',_binary '\0',_binary '\0',NULL),('manageprojectsar','Admin',_binary '',_binary '',_binary '',_binary '',_binary '',NULL),('manageprojectsar','SuperAdmin',_binary '',_binary '',_binary '',_binary '',_binary '',NULL),('manageprojectsar','User',_binary '',_binary '\0',_binary '\0',_binary '\0',_binary '\0',NULL),('manageprojectsen','Admin',_binary '',_binary '',_binary '',_binary '',_binary '',NULL),('manageprojectsen','SuperAdmin',_binary '',_binary '',_binary '',_binary '',_binary '',NULL),('manageprojectsen','User',_binary '',_binary '\0',_binary '\0',_binary '\0',_binary '\0',NULL),('managerequestsar','SuperAdmin',_binary '',_binary '',_binary '',_binary '',_binary '\0',NULL),('managerequestsen','SuperAdmin',_binary '',_binary '',_binary '',_binary '',_binary '\0',NULL),('managerolesar','SuperAdmin',_binary '',_binary '',_binary '',_binary '',_binary '\0',NULL),('managerolesen','SuperAdmin',_binary '',_binary '',_binary '',_binary '',_binary '\0',NULL),('manageteamsar','SuperAdmin',_binary '',_binary '',_binary '',_binary '',_binary '\0',NULL),('manageteamsen','SuperAdmin',_binary '',_binary '',_binary '',_binary '',_binary '\0',NULL),('managetokensar','SuperAdmin',_binary '',_binary '',_binary '',_binary '',_binary '\0',NULL),('managetokensen','SuperAdmin',_binary '',_binary '',_binary '',_binary '',_binary '\0',NULL),('manageusersar','SuperAdmin',_binary '',_binary '',_binary '',_binary '',_binary '\0',NULL),('manageusersen','SuperAdmin',_binary '',_binary '',_binary '',_binary '',_binary '\0',NULL),('mounaqasaar','SuperAdmin',_binary '\0',_binary '\0',_binary '\0',_binary '\0',_binary '\0',NULL),('mounaqasaen','SuperAdmin',_binary '\0',_binary '\0',_binary '\0',_binary '\0',_binary '\0',NULL),('profilear','Admin',_binary '',_binary '\0',_binary '',_binary '\0',_binary '\0',NULL),('profilear','SuperAdmin',_binary '',_binary '\0',_binary '',_binary '\0',_binary '\0',NULL),('profilear','User',_binary '',_binary '\0',_binary '',_binary '\0',_binary '\0',NULL),('profileen','Admin',_binary '',_binary '\0',_binary '',_binary '\0',_binary '\0',NULL),('profileen','SuperAdmin',_binary '',_binary '\0',_binary '',_binary '\0',_binary '\0',NULL),('profileen','User',_binary '',_binary '\0',_binary '',_binary '\0',_binary '\0',NULL),('settingsar','Admin',_binary '\0',_binary '\0',_binary '\0',_binary '\0',_binary '\0',NULL),('settingsar','SuperAdmin',_binary '\0',_binary '\0',_binary '\0',_binary '\0',_binary '\0',NULL),('settingsar','User',_binary '\0',_binary '\0',_binary '\0',_binary '\0',_binary '\0',NULL),('settingsen','Admin',_binary '\0',_binary '\0',_binary '\0',_binary '\0',_binary '\0',NULL),('settingsen','SuperAdmin',_binary '\0',_binary '\0',_binary '\0',_binary '\0',_binary '\0',NULL),('settingsen','User',_binary '\0',_binary '\0',_binary '\0',_binary '\0',_binary '\0',NULL),('stylear','Admin',_binary '\0',_binary '\0',_binary '\0',_binary '\0',_binary '\0',NULL),('stylear','SuperAdmin',_binary '\0',_binary '\0',_binary '\0',_binary '\0',_binary '\0',NULL),('stylear','User',_binary '\0',_binary '\0',_binary '\0',_binary '\0',_binary '\0',NULL),('styleen','Admin',_binary '\0',_binary '\0',_binary '\0',_binary '\0',_binary '\0',NULL),('styleen','SuperAdmin',_binary '\0',_binary '\0',_binary '\0',_binary '\0',_binary '\0',NULL),('styleen','User',_binary '\0',_binary '\0',_binary '\0',_binary '\0',_binary '\0',NULL),('tokensar','Admin',_binary '\0',_binary '\0',_binary '\0',_binary '\0',_binary '\0',NULL),('tokensar','SuperAdmin',_binary '\0',_binary '\0',_binary '\0',_binary '\0',_binary '\0',NULL),('tokensar','User',_binary '\0',_binary '\0',_binary '\0',_binary '\0',_binary '\0',NULL),('tokensen','Admin',_binary '\0',_binary '\0',_binary '\0',_binary '\0',_binary '\0',NULL),('tokensen','SuperAdmin',_binary '\0',_binary '\0',_binary '\0',_binary '\0',_binary '\0',NULL),('tokensen','User',_binary '\0',_binary '\0',_binary '\0',_binary '\0',_binary '\0',NULL),('translatear','Admin',_binary '\0',_binary '\0',_binary '\0',_binary '\0',_binary '\0',NULL),('translatear','SuperAdmin',_binary '\0',_binary '\0',_binary '\0',_binary '\0',_binary '\0',NULL),('translatear','User',_binary '\0',_binary '\0',_binary '\0',_binary '\0',_binary '\0',NULL),('translateen','Admin',_binary '\0',_binary '\0',_binary '\0',_binary '\0',_binary '\0',NULL),('translateen','SuperAdmin',_binary '\0',_binary '\0',_binary '\0',_binary '\0',_binary '\0',NULL),('translateen','User',_binary '\0',_binary '\0',_binary '\0',_binary '\0',_binary '\0',NULL),('websitear','Admin',_binary '',_binary '\0',_binary '\0',_binary '\0',_binary '\0',NULL),('websitear','SuperAdmin',_binary '',_binary '\0',_binary '\0',_binary '\0',_binary '\0',NULL),('websitear','User',_binary '',_binary '\0',_binary '\0',_binary '\0',_binary '\0',NULL),('websiteen','Admin',_binary '',_binary '\0',_binary '\0',_binary '\0',_binary '\0',NULL),('websiteen','SuperAdmin',_binary '',_binary '\0',_binary '\0',_binary '\0',_binary '\0',NULL),('websiteen','User',_binary '',_binary '\0',_binary '\0',_binary '\0',_binary '\0',NULL),('whitear','Admin',_binary '\0',_binary '\0',_binary '\0',_binary '\0',_binary '\0',NULL),('whitear','SuperAdmin',_binary '\0',_binary '\0',_binary '\0',_binary '\0',_binary '\0',NULL),('whitear','User',_binary '\0',_binary '\0',_binary '\0',_binary '\0',_binary '\0',NULL),('whiteen','Admin',_binary '\0',_binary '\0',_binary '\0',_binary '\0',_binary '\0',NULL),('whiteen','SuperAdmin',_binary '\0',_binary '\0',_binary '\0',_binary '\0',_binary '\0',NULL),('whiteen','User',_binary '\0',_binary '\0',_binary '\0',_binary '\0',_binary '\0',NULL);
/*!40000 ALTER TABLE `menu_role` ENABLE KEYS */;
UNLOCK TABLES;

--
-- Table structure for table `roles`
--

DROP TABLE IF EXISTS `roles`;
/*!40101 SET @saved_cs_client     = @@character_set_client */;
/*!50503 SET character_set_client = utf8mb4 */;
CREATE TABLE `roles` (
  `user_role` varchar(50) CHARACTER SET utf8mb4 COLLATE utf8mb4_general_ci NOT NULL,
  `date_time` datetime NOT NULL DEFAULT CURRENT_TIMESTAMP,
  `auth_type` varchar(20) CHARACTER SET utf8mb4 COLLATE utf8mb4_general_ci DEFAULT NULL,
  `require_2fa` bit(1) DEFAULT b'1',
  `name` varchar(255) CHARACTER SET utf8mb4 COLLATE utf8mb4_general_ci DEFAULT NULL,
  `parentrole` varchar(255) CHARACTER SET utf8mb4 COLLATE utf8mb4_general_ci DEFAULT NULL,
  `team` varchar(200) CHARACTER SET utf8mb4 COLLATE utf8mb4_general_ci DEFAULT NULL,
  `superadmin` bit(1) DEFAULT b'0',
  PRIMARY KEY (`user_role`)
) ENGINE=InnoDB DEFAULT CHARSET=utf8mb4 COLLATE=utf8mb4_general_ci COMMENT='Registered Users with LDAP connection and GRC users';
/*!40101 SET character_set_client = @saved_cs_client */;

--
-- Dumping data for table `roles`
--

LOCK TABLES `roles` WRITE;
/*!40000 ALTER TABLE `roles` DISABLE KEYS */;
INSERT INTO `roles` VALUES ('Admin','2025-06-05 16:04:51','PASS',_binary '\0','Admin',NULL,'Admin',_binary '\0'),('SuperAdmin','2025-06-05 12:11:20','PASS',_binary '\0','Super Admin',NULL,'Admin',_binary '\0'),('User','2025-06-05 12:11:12','PASS',_binary '\0','Charity User',NULL,'Admin',_binary '\0');
/*!40000 ALTER TABLE `roles` ENABLE KEYS */;
UNLOCK TABLES;

--
-- Table structure for table `settings`
--

DROP TABLE IF EXISTS `settings`;
/*!40101 SET @saved_cs_client     = @@character_set_client */;
/*!50503 SET character_set_client = utf8mb4 */;
CREATE TABLE `settings` (
  `id` bigint NOT NULL AUTO_INCREMENT,
  `ldapregisterrole` bit(1) DEFAULT b'0',
  `ldapdefaultrole` text CHARACTER SET utf8mb4 COLLATE utf8mb4_general_ci,
  `ldapdomain` text CHARACTER SET utf8mb4 COLLATE utf8mb4_general_ci,
  `ldapurl` text CHARACTER SET utf8mb4 COLLATE utf8mb4_general_ci,
  `ldapbasedn` text CHARACTER SET utf8mb4 COLLATE utf8mb4_general_ci,
  `apikey` text CHARACTER SET utf8mb4 COLLATE utf8mb4_general_ci,
  `apisecret` text CHARACTER SET utf8mb4 COLLATE utf8mb4_general_ci,
  `adminkey` text CHARACTER SET utf8mb4 COLLATE utf8mb4_general_ci,
  `jwtsecret` text CHARACTER SET utf8mb4 COLLATE utf8mb4_general_ci,
  `jwtexpirationms` bigint DEFAULT '86400000',
  `jwtexpirationmsshort` bigint DEFAULT '7200000',
  `jwtexpirationmscode` bigint DEFAULT '900000',
  `uaepassregisterrole` bit(1) DEFAULT b'0',
  `uaepassdefaultrole` text CHARACTER SET utf8mb4 COLLATE utf8mb4_general_ci,
  `uaepassusername` text CHARACTER SET utf8mb4 COLLATE utf8mb4_general_ci,
  `uaepasspassword` text CHARACTER SET utf8mb4 COLLATE utf8mb4_general_ci,
  `uaepassendpoint` text CHARACTER SET utf8mb4 COLLATE utf8mb4_general_ci,
  `uaepasscallbackurl` text CHARACTER SET utf8mb4 COLLATE utf8mb4_general_ci,
  `uaepassuserinfourl` text CHARACTER SET utf8mb4 COLLATE utf8mb4_general_ci,
  `uaepassstate` text CHARACTER SET utf8mb4 COLLATE utf8mb4_general_ci,
  `uaepassredirecturl` text CHARACTER SET utf8mb4 COLLATE utf8mb4_general_ci,
  `uaepassauthurl` text CHARACTER SET utf8mb4 COLLATE utf8mb4_general_ci,
  `uaepassuseeid` bit(1) DEFAULT b'0' COMMENT 'use eid as username\nelse use uuid as username',
  `passregisterrole` bit(1) DEFAULT b'0',
  `passdefaultrole` text CHARACTER SET utf8mb4 COLLATE utf8mb4_general_ci,
  `maximuminvalidattempts` int DEFAULT '5',
  `recaptchavalidation` bit(1) DEFAULT b'0',
  `recaptchasitekey` text CHARACTER SET utf8mb4 COLLATE utf8mb4_general_ci,
  `recaptchaapi` text CHARACTER SET utf8mb4 COLLATE utf8mb4_general_ci,
  `smsauthapi` text CHARACTER SET utf8mb4 COLLATE utf8mb4_general_ci,
  `smsauthusername` text CHARACTER SET utf8mb4 COLLATE utf8mb4_general_ci,
  `smsauthpassword` text CHARACTER SET utf8mb4 COLLATE utf8mb4_general_ci,
  `smsapi` text CHARACTER SET utf8mb4 COLLATE utf8mb4_general_ci,
  `smsapplicationid` text CHARACTER SET utf8mb4 COLLATE utf8mb4_general_ci,
  `smspassword` text CHARACTER SET utf8mb4 COLLATE utf8mb4_general_ci,
  `mailhost` text CHARACTER SET utf8mb4 COLLATE utf8mb4_general_ci,
  `mailport` int DEFAULT '25',
  `mailusername` text CHARACTER SET utf8mb4 COLLATE utf8mb4_general_ci,
  `mailpassword` text CHARACTER SET utf8mb4 COLLATE utf8mb4_general_ci,
  `mailstarttlsenable` bit(1) DEFAULT b'1',
  `mailfrom` text CHARACTER SET utf8mb4 COLLATE utf8mb4_general_ci,
  `mailauth` bit(1) DEFAULT b'1',
  `mailsupport` text CHARACTER SET utf8mb4 COLLATE utf8mb4_general_ci,
  `isdefault` bit(1) DEFAULT b'0',
  `uaepassspsaredirecturl` varchar(255) CHARACTER SET utf8mb4 COLLATE utf8mb4_general_ci DEFAULT NULL,
  PRIMARY KEY (`id`)
) ENGINE=InnoDB AUTO_INCREMENT=2 DEFAULT CHARSET=utf8mb4 COLLATE=utf8mb4_general_ci COMMENT='This table contains all project settings';
/*!40101 SET character_set_client = @saved_cs_client */;

--
-- Dumping data for table `settings`
--

LOCK TABLES `settings` WRITE;
/*!40000 ALTER TABLE `settings` DISABLE KEYS */;
INSERT INTO `settings` VALUES (1,_binary '\0','User','@.shj.ae','','','hde36b429-f747-44l7-a841-e6djf4fce2dh','UAyFQThz0RdPzHCpShthfVB3zcoskeeo920mEbrwieyRiO1jqPAOhO4oM','wsTk5JDXd74XLGUrJ1','======================AUTH=Spring===========================',86400000,7200000,900000,_binary '\0','UAEInspector','sandbox_stage','sandbox_stage','https://stg-id.uaepass.ae/','idshub/token?grant_type=authorization_code&redirect_uri=#CALLBACKURL#&code=#CODE#','idshub/userinfo','testing','http://localhost/login#USERNAME#','idshub/authorize?response_type=code&client_id=#CLIENTID#&scope=urn:uae:digitalid:profile:general&state=#STATE#&redirect_uri=#REDIRECTURL#&acr_values=urn:safelayer:tws:policies:authentication:level:low',_binary '\0',_binary '\0','GRCInspector',5,_binary '\0','6LeHQ00qAAAAAFcHhSxKSNd3RU3xDnYlPFygLsNw','https://recaptchaenterprise.googleapis.com/v1/projects/inspection-412005/assessments?key=AIzaSyD7Da8bHTmTFScXJDYdvxklV9aD_ySlqJ4','','','','','','','smtp.gmail.com',587,'ts.charity25@gmail.com','cbvaftgcmbwpsuqt',_binary '','ts.charity25@gmail.com',_binary '','ts.charity25@gmail.com',_binary '',NULL);
/*!40000 ALTER TABLE `settings` ENABLE KEYS */;
UNLOCK TABLES;

--
-- Table structure for table `system_logs`
--

DROP TABLE IF EXISTS `system_logs`;
/*!40101 SET @saved_cs_client     = @@character_set_client */;
/*!50503 SET character_set_client = utf8mb4 */;
CREATE TABLE `system_logs` (
  `id` bigint NOT NULL AUTO_INCREMENT,
  `user_id` int NOT NULL,
  `event` text CHARACTER SET utf8mb4 COLLATE utf8mb4_general_ci NOT NULL,
  `status` text CHARACTER SET utf8mb4 COLLATE utf8mb4_general_ci NOT NULL,
  `date_time` timestamp NOT NULL DEFAULT CURRENT_TIMESTAMP,
  `ref_link_id` text CHARACTER SET utf8mb4 COLLATE utf8mb4_general_ci,
  `type` text CHARACTER SET utf8mb4 COLLATE utf8mb4_general_ci,
  PRIMARY KEY (`id`)
) ENGINE=InnoDB DEFAULT CHARSET=utf8mb4 COLLATE=utf8mb4_general_ci COMMENT='System logs without logins';
/*!40101 SET character_set_client = @saved_cs_client */;

--
-- Dumping data for table `system_logs`
--

LOCK TABLES `system_logs` WRITE;
/*!40000 ALTER TABLE `system_logs` DISABLE KEYS */;
/*!40000 ALTER TABLE `system_logs` ENABLE KEYS */;
UNLOCK TABLES;

--
-- Table structure for table `teams`
--

DROP TABLE IF EXISTS `teams`;
/*!40101 SET @saved_cs_client     = @@character_set_client */;
/*!50503 SET character_set_client = utf8mb4 */;
CREATE TABLE `teams` (
  `code` varchar(200) NOT NULL,
  `description` tinytext,
  `namear` varchar(200) NOT NULL,
  `nameen` varchar(200) NOT NULL,
  PRIMARY KEY (`code`)
) ENGINE=InnoDB DEFAULT CHARSET=utf8mb4 COLLATE=utf8mb4_0900_ai_ci;
/*!40101 SET character_set_client = @saved_cs_client */;

--
-- Dumping data for table `teams`
--

LOCK TABLES `teams` WRITE;
/*!40000 ALTER TABLE `teams` DISABLE KEYS */;
INSERT INTO `teams` VALUES ('Admin','Admin','Admin','Admin'),('user','User','User','User');
/*!40000 ALTER TABLE `teams` ENABLE KEYS */;
UNLOCK TABLES;

--
-- Table structure for table `tokens`
--

DROP TABLE IF EXISTS `tokens`;
/*!40101 SET @saved_cs_client     = @@character_set_client */;
/*!50503 SET character_set_client = utf8mb4 */;
CREATE TABLE `tokens` (
  `id` varchar(500) CHARACTER SET utf8mb4 COLLATE utf8mb4_general_ci NOT NULL,
  `username` varchar(250) CHARACTER SET utf8mb4 COLLATE utf8mb4_general_ci DEFAULT NULL,
  `accesstoken` longtext CHARACTER SET utf8mb4 COLLATE utf8mb4_general_ci,
  `refreshtoken` longtext CHARACTER SET utf8mb4 COLLATE utf8mb4_general_ci,
  `refreshkey` text CHARACTER SET utf8mb4 COLLATE utf8mb4_general_ci,
  `device` text CHARACTER SET utf8mb4 COLLATE utf8mb4_general_ci,
  `ip` varchar(100) CHARACTER SET utf8mb4 COLLATE utf8mb4_general_ci DEFAULT NULL,
  `access_expiry_date` timestamp NULL DEFAULT NULL,
  `refresh_expiry_date` timestamp NULL DEFAULT NULL,
  `revoked_date_time` timestamp NULL DEFAULT NULL,
  `reason` varchar(100) CHARACTER SET utf8mb4 COLLATE utf8mb4_general_ci DEFAULT NULL,
  `date_time` timestamp NULL DEFAULT CURRENT_TIMESTAMP,
  PRIMARY KEY (`id`)
) ENGINE=InnoDB DEFAULT CHARSET=utf8mb4 COLLATE=utf8mb4_general_ci COMMENT='Registered Users Tokens';
/*!40101 SET character_set_client = @saved_cs_client */;

--
-- Dumping data for table `tokens`
--

LOCK TABLES `tokens` WRITE;
/*!40000 ALTER TABLE `tokens` DISABLE KEYS */;
INSERT INTO `tokens` VALUES ('0482bcb8-7911-47f5-9feb-bb8949d42469','su','eyJhbGciOiJIUzI1NiJ9.eyJzdWIiOiJBQ0NFU1NfVE9LRU5fc3UiLCJpYXQiOjE3NDg4OTI1NTIsImV4cCI6MTc0ODg5OTc1Mn0.2skuPqjwrPoV_xOmT1yNmHpdh0CtempAANmH315tw_4','eyJhbGciOiJIUzI1NiJ9.eyJzdWIiOiJSRUZSRVNIX1RPS0VOX3N1IiwiaWF0IjoxNzQ4ODkyNTUyLCJleHAiOjE3NDg5Nzg5NTJ9.pW0Kwbzm8WsJB6UM02cmCLjs4n94K8ArTAv-BdBVbsk','c3U=','Mozilla/5.0 (Windows NT 10.0; Win64; x64) AppleWebKit/537.36 (KHTML like Gecko) Chrome/136.0.0.0 Safari/537.36','13.80.3.206','2025-06-02 21:29:13','2025-06-03 19:29:13','2025-06-02 20:19:20','LOGOUT','2025-06-02 19:29:13'),('057faea6-12fa-45f7-8f11-600e53bc3409','su','eyJhbGciOiJIUzI1NiJ9.eyJzdWIiOiJBQ0NFU1NfVE9LRU5fc3UiLCJpYXQiOjE3NDg5Nzg3MTMsImV4cCI6MTc0ODk4NTkxM30.tDmrRtBKlEvMgjnZNgI3QolMALVo0w1I9OBUfp5nw5w','eyJhbGciOiJIUzI1NiJ9.eyJzdWIiOiJSRUZSRVNIX1RPS0VOX3N1IiwiaWF0IjoxNzQ4OTc4NzEzLCJleHAiOjE3NDkwNjUxMTN9.oqCFuneGHn_qygPhJ2d5w81yFMR9x2G5s6PNh-hijeg','c3U=','Mozilla/5.0 (Windows NT 10.0; Win64; x64) AppleWebKit/537.36 (KHTML like Gecko) Chrome/136.0.0.0 Safari/537.36','13.80.3.206','2025-06-03 21:25:13','2025-06-04 19:25:13','2025-06-03 20:02:51','LOGOUT','2025-06-03 19:25:13'),('07725a0d-f712-4660-bfdf-daee75b7c7c6','su','eyJhbGciOiJIUzI1NiJ9.eyJzdWIiOiJBQ0NFU1NfVE9LRU5fc3UiLCJpYXQiOjE3NDc1OTA2ODUsImV4cCI6MTc0NzU5Nzg4NX0.XOyIShg87Z9CaJeDxD2PJI9Rh-UsgIoegYPzHvRIbOs','eyJhbGciOiJIUzI1NiJ9.eyJzdWIiOiJSRUZSRVNIX1RPS0VOX3N1IiwiaWF0IjoxNzQ3NTkwNjgyLCJleHAiOjE3NDc2NzcwODJ9.KfoTHphsezntFxCjXUcXVrUeUyK-3deSAFDKn4E7rVs','c3U=','Mozilla/5.0 (Windows NT 10.0; Win64; x64) AppleWebKit/537.36 (KHTML like Gecko) Chrome/136.0.0.0 Safari/537.36','::1','2025-05-18 19:51:26','2025-05-19 17:51:26',NULL,NULL,'2025-05-18 17:51:26'),('08ddde17-7f14-454a-bf37-bb07c1d8c62d','su','eyJhbGciOiJIUzI1NiJ9.eyJzdWIiOiJBQ0NFU1NfVE9LRU5fc3UiLCJpYXQiOjE3NDg5Nzg1MzAsImV4cCI6MTc0ODk4NTczMH0.pZ9mh6-SKra9wN3B6A4scWGntwiJhyoBTDfmENYCjbs','eyJhbGciOiJIUzI1NiJ9.eyJzdWIiOiJSRUZSRVNIX1RPS0VOX3N1IiwiaWF0IjoxNzQ4OTc4NTMwLCJleHAiOjE3NDkwNjQ5MzB9.lQUAT_mdOcdgpm0Wh7EiERSVf5utvb8BPeVAhq_bhf4','c3U=','Mozilla/5.0 (Windows NT 10.0; Win64; x64) AppleWebKit/537.36 (KHTML like Gecko) Chrome/136.0.0.0 Safari/537.36','13.80.3.206','2025-06-03 21:22:11','2025-06-04 19:22:11','2025-06-03 19:24:42','LOGOUT','2025-06-03 19:22:11'),('0d72c089-6199-4db2-a43d-c578c34bb818','su','eyJhbGciOiJIUzI1NiJ9.eyJzdWIiOiJBQ0NFU1NfVE9LRU5fc3UiLCJpYXQiOjE3NDc0NjI4NzksImV4cCI6MTc0NzQ3MDA3OX0.-0j7yShTlNG-A-G_ZKIoSr_Cl-Svob8ixBvmI2oHEk8','eyJhbGciOiJIUzI1NiJ9.eyJzdWIiOiJSRUZSRVNIX1RPS0VOX3N1IiwiaWF0IjoxNzQ3NDYyODc5LCJleHAiOjE3NDc1NDkyNzl9.au24W1PM-uQmMFkHyF8fEyjzv_xuEFSaMBozARHKf38','c3U=','Mozilla/5.0 (Windows NT 10.0; Win64; x64) AppleWebKit/537.36 (KHTML like Gecko) Chrome/136.0.0.0 Safari/537.36','::1','2025-05-17 08:21:20','2025-05-18 06:21:20',NULL,NULL,'2025-05-17 06:21:20'),('10ca9bf3-a190-41e9-9d0a-02b2d939a768','su','eyJhbGciOiJIUzI1NiJ9.eyJzdWIiOiJBQ0NFU1NfVE9LRU5fc3UiLCJpYXQiOjE3NDg5ODQxNzUsImV4cCI6MTc0ODk5MTM3NX0.CONyLeN_sLvA6qCfXhBb7bgp8mbOrPCfKYCoH0nJZUI','eyJhbGciOiJIUzI1NiJ9.eyJzdWIiOiJSRUZSRVNIX1RPS0VOX3N1IiwiaWF0IjoxNzQ4OTg0MTc1LCJleHAiOjE3NDkwNzA1NzV9.7FzDgYHCVnllu-EAxh6bijsluJOxaJ8G2SjXYuDON9U','c3U=','Mozilla/5.0 (Windows NT 10.0; Win64; x64) AppleWebKit/537.36 (KHTML like Gecko) Chrome/136.0.0.0 Safari/537.36','13.80.3.206','2025-06-03 22:56:16','2025-06-04 20:56:16','2025-06-03 21:14:39','LOGOUT','2025-06-03 20:56:16'),('140d35e1-62d9-4a79-b5fe-8177f11519a5','touficsleiman.lb@gmail.com','eyJhbGciOiJIUzI1NiJ9.eyJzdWIiOiJBQ0NFU1NfVE9LRU5fdG91Zmljc2xlaW1hbi5sYkBnbWFpbC5jb20iLCJpYXQiOjE3NDkxMjQ5MTAsImV4cCI6MTc0OTEzMjExMH0.SIQbHAjtKrJRCNtArlNiAqcW34xBifXH1tCS3KGSrg0','eyJhbGciOiJIUzI1NiJ9.eyJzdWIiOiJSRUZSRVNIX1RPS0VOX3RvdWZpY3NsZWltYW4ubGJAZ21haWwuY29tIiwiaWF0IjoxNzQ5MTI0OTEwLCJleHAiOjE3NDkyMTEzMTB9.rc2UAA_yMtmZeQj29oyVsx-Irgnu-PfzlWGDN_yY0RU','dG91Zmljc2xlaW1hbi5sYkBnbWFpbC5jb20=','Mozilla/5.0 (Windows NT 10.0; Win64; x64) AppleWebKit/537.36 (KHTML like Gecko) Chrome/136.0.0.0 Safari/537.36','13.80.3.206','2025-06-05 14:01:51','2025-06-06 12:01:51','2025-06-05 12:10:44','LOGOUT','2025-06-05 12:01:51'),('16761402-6e50-4e79-9397-72bf1651b213','su','eyJhbGciOiJIUzI1NiJ9.eyJzdWIiOiJBQ0NFU1NfVE9LRU5fc3UiLCJpYXQiOjE3NDkxMzU5OTcsImV4cCI6MTc0OTE0MzE5N30.b7IiTc0IC2h1WHGaiAgr4tEbYQzGWkD2WLQWXWX1GNQ','eyJhbGciOiJIUzI1NiJ9.eyJzdWIiOiJSRUZSRVNIX1RPS0VOX3N1IiwiaWF0IjoxNzQ5MTM1OTk3LCJleHAiOjE3NDkyMjIzOTd9.wpZC2ANHxP1IzcNub2uBn4NbiFEpKuzDV8iAj5r8sUA','c3U=','Mozilla/5.0 (Windows NT 10.0; Win64; x64) AppleWebKit/537.36 (KHTML like Gecko) Chrome/136.0.0.0 Safari/537.36','13.80.3.206','2025-06-05 17:06:38','2025-06-06 15:06:38','2025-06-05 15:16:40','LOGOUT','2025-06-05 15:06:38'),('18542148-8a0a-453a-8f38-5b237a0656f8','su','eyJhbGciOiJIUzI1NiJ9.eyJzdWIiOiJBQ0NFU1NfVE9LRU5fc3UiLCJpYXQiOjE3NDkxMjU0NTAsImV4cCI6MTc0OTEzMjY1MH0.m5bHVh91E73xO8J7OdMhulx8YjZwe5A5jm5lAPjRaHs','eyJhbGciOiJIUzI1NiJ9.eyJzdWIiOiJSRUZSRVNIX1RPS0VOX3N1IiwiaWF0IjoxNzQ5MTI1NDQ5LCJleHAiOjE3NDkyMTE4NDl9.YRl0ZthblXdc4ItfdxTxIIr6ka7qHtgkgGdHbFXpoQo','c3U=','Mozilla/5.0 (Windows NT 10.0; Win64; x64) AppleWebKit/537.36 (KHTML like Gecko) Chrome/136.0.0.0 Safari/537.36','13.80.3.206','2025-06-05 14:10:50','2025-06-06 12:10:50','2025-06-05 12:11:50','LOGOUT','2025-06-05 12:10:50'),('18d6866d-6673-4451-9160-e8e9c835aee4','su','eyJhbGciOiJIUzI1NiJ9.eyJzdWIiOiJBQ0NFU1NfVE9LRU5fc3UiLCJpYXQiOjE3NDgwOTQzNzYsImV4cCI6MTc0ODEwMTU3Nn0.wx09ry-d79U6gwdGMavYBa0AItvyZfVACozbTi-hzxw','eyJhbGciOiJIUzI1NiJ9.eyJzdWIiOiJSRUZSRVNIX1RPS0VOX3N1IiwiaWF0IjoxNzQ4MDk0Mzc2LCJleHAiOjE3NDgxODA3NzZ9.t86FoO8vrNqJq-ymB3wI0mUr3dbC_mXBVpha55DPTIo','c3U=','Mozilla/5.0 (Windows NT 10.0; Win64; x64) AppleWebKit/537.36 (KHTML like Gecko) Chrome/136.0.0.0 Safari/537.36','13.80.3.206','2025-05-24 15:46:16','2025-05-25 13:46:16',NULL,NULL,'2025-05-24 13:46:16'),('1dd1eca0-4454-48cd-b112-8813dbe50b57','touficsleiman.lb@gmail.com','eyJhbGciOiJIUzI1NiJ9.eyJzdWIiOiJBQ0NFU1NfVE9LRU5fdG91Zmljc2xlaW1hbi5sYkBnbWFpbC5jb20iLCJpYXQiOjE3NDkxMjU1MjMsImV4cCI6MTc0OTEzMjcyM30.tetpUBPxNCsM4wySJW1XqTY5c8A38PgM-T3YndiDc5c','eyJhbGciOiJIUzI1NiJ9.eyJzdWIiOiJSRUZSRVNIX1RPS0VOX3RvdWZpY3NsZWltYW4ubGJAZ21haWwuY29tIiwiaWF0IjoxNzQ5MTI1NTIzLCJleHAiOjE3NDkyMTE5MjN9.Q8DaoP2pRZLeuce5nMJ1cTLqIgE2iWyyTeeczzvOLr8','dG91Zmljc2xlaW1hbi5sYkBnbWFpbC5jb20=','Mozilla/5.0 (Windows NT 10.0; Win64; x64) AppleWebKit/537.36 (KHTML like Gecko) Chrome/136.0.0.0 Safari/537.36','13.80.3.206','2025-06-05 14:12:03','2025-06-06 12:12:03','2025-06-05 12:38:43','LOGOUT','2025-06-05 12:12:03'),('1eab9032-afb7-4524-b5c6-d2d0f453c21b','su','eyJhbGciOiJIUzI1NiJ9.eyJzdWIiOiJBQ0NFU1NfVE9LRU5fc3UiLCJpYXQiOjE3NDgwOTI1ODQsImV4cCI6MTc0ODA5OTc4NH0.uNDkGLfIuJrG81jWxvm4QBeAs-042kwtBBWVWerrVc4','eyJhbGciOiJIUzI1NiJ9.eyJzdWIiOiJSRUZSRVNIX1RPS0VOX3N1IiwiaWF0IjoxNzQ4MDkyNTg0LCJleHAiOjE3NDgxNzg5ODR9.gd5j6cjwtzfTP2HL07U_XeQHKqxAaNAi8xRNIBVe6N4','c3U=','Mozilla/5.0 (Windows NT 10.0; Win64; x64) AppleWebKit/537.36 (KHTML like Gecko) Chrome/136.0.0.0 Safari/537.36','13.80.3.206','2025-05-24 15:16:25','2025-05-25 13:16:25',NULL,NULL,'2025-05-24 13:16:25'),('23832fed-e0e5-41b3-a48c-fde60e197d76','tsleiman.freelance@gmail.com','eyJhbGciOiJIUzI1NiJ9.eyJzdWIiOiJBQ0NFU1NfVE9LRU5fdHNsZWltYW4uZnJlZWxhbmNlQGdtYWlsLmNvbSIsImlhdCI6MTc0OTEzODYxNywiZXhwIjoxNzQ5MTQ1ODE3fQ.B_M8gIrvs3x6DbYydq1SWypRKjmJagy0mIV9RYB_0qo','eyJhbGciOiJIUzI1NiJ9.eyJzdWIiOiJSRUZSRVNIX1RPS0VOX3RzbGVpbWFuLmZyZWVsYW5jZUBnbWFpbC5jb20iLCJpYXQiOjE3NDkxMzg2MTcsImV4cCI6MTc0OTIyNTAxN30.Ne6t0dX-WShoVAYFOfe0Z39vHjTRNT82yDICHR6m4ZM','dHNsZWltYW4uZnJlZWxhbmNlQGdtYWlsLmNvbQ==','Mozilla/5.0 (Windows NT 10.0; Win64; x64) AppleWebKit/537.36 (KHTML like Gecko) Chrome/136.0.0.0 Safari/537.36','13.80.3.206','2025-06-05 17:50:17','2025-06-06 15:50:17','2025-06-05 16:01:35','LOGOUT','2025-06-05 15:50:17'),('2739de0d-32ea-4577-9daa-a2195114c94f','admin','eyJhbGciOiJIUzI1NiJ9.eyJzdWIiOiJBQ0NFU1NfVE9LRU5fYWRtaW4iLCJpYXQiOjE3NDM5NjcwNjYsImV4cCI6MTc0Mzk3NDI2Nn0.5xcdIL1myp_HoPdV-OAsisSMFntuM_1b15Wn-X2XHhg','eyJhbGciOiJIUzI1NiJ9.eyJzdWIiOiJSRUZSRVNIX1RPS0VOX2FkbWluIiwiaWF0IjoxNzQzOTY3MDY2LCJleHAiOjE3NDQwNTM0NjZ9.1_kbtW130BgpbjmMMN8Npj9uPAl3RgHEtoEwoE4wrd4','YWRtaW4=','Mozilla/5.0 (Windows NT 10.0; Win64; x64) AppleWebKit/537.36 (KHTML like Gecko) Chrome/135.0.0.0 Safari/537.36','::1','2025-04-06 21:17:46','2025-04-07 19:17:46','2025-04-06 19:18:03','LOGOUT','2025-04-06 19:17:46'),('27aa0cff-41be-48a4-88d3-ca00e6b52671','su','eyJhbGciOiJIUzI1NiJ9.eyJzdWIiOiJBQ0NFU1NfVE9LRU5fc3UiLCJpYXQiOjE3NDkxMzg0NjksImV4cCI6MTc0OTE0NTY2OX0.F9UVQHawPDxCOXULhnEp7P18RbJfWHDnHYNsrERd8z8','eyJhbGciOiJIUzI1NiJ9.eyJzdWIiOiJSRUZSRVNIX1RPS0VOX3N1IiwiaWF0IjoxNzQ5MTM4NDY5LCJleHAiOjE3NDkyMjQ4Njl9.mvuZxNtvJtdu5893H9uz6tDAj9npQUwU6dA80I-_nOc','c3U=','Mozilla/5.0 (Windows NT 10.0; Win64; x64) AppleWebKit/537.36 (KHTML like Gecko) Chrome/136.0.0.0 Safari/537.36','13.80.3.206','2025-06-05 17:47:50','2025-06-06 15:47:50','2025-06-05 15:49:53','LOGOUT','2025-06-05 15:47:50'),('28dda2b1-4e97-4620-9f30-b882381be90a','touficsleiman.lb@gmail.com','eyJhbGciOiJIUzI1NiJ9.eyJzdWIiOiJBQ0NFU1NfVE9LRU5fdG91Zmljc2xlaW1hbi5sYkBnbWFpbC5jb20iLCJpYXQiOjE3NDg5ODcyODksImV4cCI6MTc0ODk5NDQ4OX0.Xe7zIKVsHTckcJ7tWp6gz8RJfFPclenT9GUoZ766WsA','eyJhbGciOiJIUzI1NiJ9.eyJzdWIiOiJSRUZSRVNIX1RPS0VOX3RvdWZpY3NsZWltYW4ubGJAZ21haWwuY29tIiwiaWF0IjoxNzQ4OTg3Mjg5LCJleHAiOjE3NDkwNzM2ODl9.JqCvMz5cUL7TXUbNOhCjKCogpwql57KP8Aiw07cK2lA','dG91Zmljc2xlaW1hbi5sYkBnbWFpbC5jb20=','Mozilla/5.0 (Windows NT 10.0; Win64; x64) AppleWebKit/537.36 (KHTML like Gecko) Chrome/136.0.0.0 Safari/537.36','13.80.3.206','2025-06-03 23:48:10','2025-06-04 21:48:10','2025-06-03 21:48:42','LOGOUT','2025-06-03 21:48:10'),('314e9bf3-1b21-44fa-be31-b04960831f3b','su','eyJhbGciOiJIUzI1NiJ9.eyJzdWIiOiJBQ0NFU1NfVE9LRU5fc3UiLCJpYXQiOjE3NDgwOTI1OTQsImV4cCI6MTc0ODA5OTc5NH0.elQxT2HU8eGamN45Ap95KfgSc6qOa1EelLjxw_aZDIs','eyJhbGciOiJIUzI1NiJ9.eyJzdWIiOiJSRUZSRVNIX1RPS0VOX3N1IiwiaWF0IjoxNzQ4MDkyNTk0LCJleHAiOjE3NDgxNzg5OTR9.bgJ8-sr5Yuy1w2P7He2UxC8wEicN75vBX-rC4nCd0cU','c3U=','Mozilla/5.0 (Windows NT 10.0; Win64; x64) AppleWebKit/537.36 (KHTML like Gecko) Chrome/136.0.0.0 Safari/537.36','13.80.3.206','2025-05-24 15:16:34','2025-05-25 13:16:34',NULL,NULL,'2025-05-24 13:16:34'),('335f70d3-ed26-45de-a07e-6376a7a2bfc9','su','eyJhbGciOiJIUzI1NiJ9.eyJzdWIiOiJBQ0NFU1NfVE9LRU5fc3UiLCJpYXQiOjE3NDgwNzY3OTMsImV4cCI6MTc0ODA4Mzk5M30.aqtArA0MEMGCCMKX3gmeRSA-ORCVjsWNq1CUDBhmGW8','eyJhbGciOiJIUzI1NiJ9.eyJzdWIiOiJSRUZSRVNIX1RPS0VOX3N1IiwiaWF0IjoxNzQ4MDc2NzkzLCJleHAiOjE3NDgxNjMxOTN9.-ozlYi0gLzPAecvOWrs3bBsdGMNUckJ4g2RRahjnoX8','c3U=','Mozilla/5.0 (Windows NT 10.0; Win64; x64) AppleWebKit/537.36 (KHTML like Gecko) Chrome/136.0.0.0 Safari/537.36','2.49.206.41','2025-05-24 10:53:14','2025-05-25 08:53:14',NULL,NULL,'2025-05-24 08:53:14'),('379bb313-8c78-4c21-87a8-69059b2f0906','admin','eyJhbGciOiJIUzI1NiJ9.eyJzdWIiOiJBQ0NFU1NfVE9LRU5fYWRtaW4iLCJpYXQiOjE3NDM5NjMyNjgsImV4cCI6MTc0Mzk3MDQ2OH0.ETB92wJGZpnojYod3P1dnTeEsCjwm4fTCtvkeN59hF8','eyJhbGciOiJIUzI1NiJ9.eyJzdWIiOiJSRUZSRVNIX1RPS0VOX2FkbWluIiwiaWF0IjoxNzQzOTYzMjY4LCJleHAiOjE3NDQwNDk2Njh9.i8qBydUknfmYaVJwCNoyeZP1DtbY4UtH4qu_rs7Ke_s','YWRtaW4=','Mozilla/5.0 (Windows NT 10.0; Win64; x64) AppleWebKit/537.36 (KHTML like Gecko) Chrome/134.0.0.0 Safari/537.36','::1','2025-04-06 20:14:28','2025-04-07 18:14:28','2025-04-06 19:01:08','LOGOUT','2025-04-06 18:14:28'),('3bc809d2-a5ca-40d7-935c-a74deb3c6bf1','su','eyJhbGciOiJIUzI1NiJ9.eyJzdWIiOiJBQ0NFU1NfVE9LRU5fc3UiLCJpYXQiOjE3NDkxMzg0MzgsImV4cCI6MTc0OTE0NTYzOH0.aDB7gbHvVJD4_0n2DElisf8VVGT_QTC6bChLbKqLY6o','eyJhbGciOiJIUzI1NiJ9.eyJzdWIiOiJSRUZSRVNIX1RPS0VOX3N1IiwiaWF0IjoxNzQ5MTM4NDM4LCJleHAiOjE3NDkyMjQ4Mzh9.j1gEswmgyoex9tEcEDTsuSuzL9sokRHEBAxul_cRRzM','c3U=','Mozilla/5.0 (Windows NT 10.0; Win64; x64) AppleWebKit/537.36 (KHTML like Gecko) Chrome/136.0.0.0 Safari/537.36','13.80.3.206','2025-06-05 17:47:18','2025-06-06 15:47:18','2025-06-05 15:47:21','LOGOUT','2025-06-05 15:47:18'),('3ef47730-3c4b-4e07-addc-93c8ccea2ac5','admin','eyJhbGciOiJIUzI1NiJ9.eyJzdWIiOiJBQ0NFU1NfVE9LRU5fYWRtaW4iLCJpYXQiOjE3NDM5NjYwOTQsImV4cCI6MTc0Mzk3MzI5NH0.Yf55hEkt7Nhb5eVNkTa1Kjp6mst5KMvgXIxd3zEPBOo','eyJhbGciOiJIUzI1NiJ9.eyJzdWIiOiJSRUZSRVNIX1RPS0VOX2FkbWluIiwiaWF0IjoxNzQzOTY2MDk0LCJleHAiOjE3NDQwNTI0OTR9.ObHt6WZP3496hPtCDQTNsuMI4T7wNB0ajCJmpDdiIj4','YWRtaW4=','Mozilla/5.0 (Windows NT 10.0; Win64; x64) AppleWebKit/537.36 (KHTML like Gecko) Chrome/135.0.0.0 Safari/537.36','::1','2025-04-06 21:01:35','2025-04-07 19:01:35','2025-04-06 19:01:41','LOGOUT','2025-04-06 19:01:35'),('3f2a8adf-b4e8-41c2-9f41-558d8fb4ecdd','su','eyJhbGciOiJIUzI1NiJ9.eyJzdWIiOiJBQ0NFU1NfVE9LRU5fc3UiLCJpYXQiOjE3NDkxMjc4MzcsImV4cCI6MTc0OTEzNTAzN30.bOCd-tzgsQ0dH07CfZU5Rclblvt3OwUSXvS7PKGE9Vw','eyJhbGciOiJIUzI1NiJ9.eyJzdWIiOiJSRUZSRVNIX1RPS0VOX3N1IiwiaWF0IjoxNzQ5MTI3ODM3LCJleHAiOjE3NDkyMTQyMzd9.inrHNNoorsXpfG-Vuyzq23fP6ijVeiWgXIXjpmz6mx8','c3U=','Mozilla/5.0 (Windows NT 10.0; Win64; x64) AppleWebKit/537.36 (KHTML like Gecko) Chrome/136.0.0.0 Safari/537.36','13.80.3.206','2025-06-05 14:50:38','2025-06-06 12:50:38','2025-06-05 12:50:59','LOGOUT','2025-06-05 12:50:38'),('4016a61f-5dd0-4c2c-a021-75466ffedb8a','su','eyJhbGciOiJIUzI1NiJ9.eyJzdWIiOiJBQ0NFU1NfVE9LRU5fc3UiLCJpYXQiOjE3NDg5NzQyMzksImV4cCI6MTc0ODk4MTQzOX0.5xdedINgg2eqImAfL24ngS4io22hpWdJ03hWO_LzHKs','eyJhbGciOiJIUzI1NiJ9.eyJzdWIiOiJSRUZSRVNIX1RPS0VOX3N1IiwiaWF0IjoxNzQ4OTc0MjM5LCJleHAiOjE3NDkwNjA2Mzl9.kfpatFojghKKKvg_bqmrUq2wcXBDTuUdSRhrzvTrUus','c3U=','Mozilla/5.0 (Windows NT 10.0; Win64; x64) AppleWebKit/537.36 (KHTML like Gecko) Chrome/136.0.0.0 Safari/537.36','13.80.3.206','2025-06-03 20:10:39','2025-06-04 18:10:39','2025-06-03 18:11:01','LOGOUT','2025-06-03 18:10:39'),('41513145-5587-46d8-94f7-ac7cbec5de6f','su','eyJhbGciOiJIUzI1NiJ9.eyJzdWIiOiJBQ0NFU1NfVE9LRU5fc3UiLCJpYXQiOjE3NDkxMzk0MzksImV4cCI6MTc0OTE0NjYzOX0.InVH_F9CWBVTbOjO6JLXyoKN1g06cl0TKXBAdxDgRws','eyJhbGciOiJIUzI1NiJ9.eyJzdWIiOiJSRUZSRVNIX1RPS0VOX3N1IiwiaWF0IjoxNzQ5MTM5NDM5LCJleHAiOjE3NDkyMjU4Mzl9.-nP4gF-iVh5R1SrNlET4r7KyLI7uhlMOTLsmzTS6_S8','c3U=','Mozilla/5.0 (Windows NT 10.0; Win64; x64) AppleWebKit/537.36 (KHTML like Gecko) Chrome/136.0.0.0 Safari/537.36','13.80.3.206','2025-06-05 18:04:00','2025-06-06 16:04:00','2025-06-05 16:04:19','LOGOUT','2025-06-05 16:04:00'),('4f755739-e1e6-485a-9677-23d661fb314a','su','eyJhbGciOiJIUzI1NiJ9.eyJzdWIiOiJBQ0NFU1NfVE9LRU5fc3UiLCJpYXQiOjE3NDgwNzY2ODYsImV4cCI6MTc0ODA4Mzg4Nn0.47qgM-OVNG2fUM5KCyEjQo4smXO-NvcZP6pvfoTKCo8','eyJhbGciOiJIUzI1NiJ9.eyJzdWIiOiJSRUZSRVNIX1RPS0VOX3N1IiwiaWF0IjoxNzQ4MDc2Njg2LCJleHAiOjE3NDgxNjMwODZ9.P0uMayhTITDfAGOAggQJoid06JyZedLQ8FqBpR5AVPQ','c3U=','Mozilla/5.0 (Windows NT 10.0; Win64; x64) AppleWebKit/537.36 (KHTML like Gecko) Chrome/136.0.0.0 Safari/537.36','2.49.206.41','2025-05-24 10:51:26','2025-05-25 08:51:26',NULL,NULL,'2025-05-24 08:51:26'),('51312194-8f97-4dcf-9899-d3f0c5f87b87','su','eyJhbGciOiJIUzI1NiJ9.eyJzdWIiOiJBQ0NFU1NfVE9LRU5fc3UiLCJpYXQiOjE3NDgwNzY0NDQsImV4cCI6MTc0ODA4MzY0NH0.6R5XKfhDP7iKc_rO-h_x4miTvYWaiJxnT5MHyauOAko','eyJhbGciOiJIUzI1NiJ9.eyJzdWIiOiJSRUZSRVNIX1RPS0VOX3N1IiwiaWF0IjoxNzQ4MDc2NDQzLCJleHAiOjE3NDgxNjI4NDN9.zaURCqe4KF_q6aVZ7nCK7DYBP4lWv4AORG1gVqVr4G8','c3U=','Mozilla/5.0 (Windows NT 10.0; Win64; x64) AppleWebKit/537.36 (KHTML like Gecko) Chrome/136.0.0.0 Safari/537.36','2.49.206.41','2025-05-24 10:47:24','2025-05-25 08:47:24',NULL,NULL,'2025-05-24 08:47:24'),('516a9804-e165-4365-a7d3-d973c897dfde','touficsleiman.lb@gmail.com','eyJhbGciOiJIUzI1NiJ9.eyJzdWIiOiJBQ0NFU1NfVE9LRU5fdG91Zmljc2xlaW1hbi5sYkBnbWFpbC5jb20iLCJpYXQiOjE3NDkxMjM0NTQsImV4cCI6MTc0OTEzMDY1NH0.BOWcAF62-rcVnT6RfXFe4HKixdNHj0tckjx7nPzySlM','eyJhbGciOiJIUzI1NiJ9.eyJzdWIiOiJSRUZSRVNIX1RPS0VOX3RvdWZpY3NsZWltYW4ubGJAZ21haWwuY29tIiwiaWF0IjoxNzQ5MTIzNDU0LCJleHAiOjE3NDkyMDk4NTR9.aO5b6GMSbbqYKHhfCzrsG-vWMLgEFUZe-IwPVEeh8wk','dG91Zmljc2xlaW1hbi5sYkBnbWFpbC5jb20=','Mozilla/5.0 (Windows NT 10.0; Win64; x64) AppleWebKit/537.36 (KHTML like Gecko) Chrome/136.0.0.0 Safari/537.36','13.80.3.206','2025-06-05 13:37:34','2025-06-06 11:37:34','2025-06-05 11:55:30','LOGOUT','2025-06-05 11:37:34'),('537cccf5-3878-4e73-b8e0-31374f166e15','admin','eyJhbGciOiJIUzI1NiJ9.eyJzdWIiOiJBQ0NFU1NfVE9LRU5fYWRtaW4iLCJpYXQiOjE3NDI2Mjk5NzgsImV4cCI6MTc0MjYzNzE3OH0.zvCH--TdszVBK6XsYgmfaTD-RCzibaxwlbrX3p-h8Bc','eyJhbGciOiJIUzI1NiJ9.eyJzdWIiOiJSRUZSRVNIX1RPS0VOX2FkbWluIiwiaWF0IjoxNzQyNjI5OTc4LCJleHAiOjE3NDI3MTYzNzh9.NPyrrf-7HSM5jyooNKZOJ7HBz7a3lem-2HLqAt9rCEA','YWRtaW4=','Mozilla/5.0 (Windows NT 10.0; Win64; x64) AppleWebKit/537.36 (KHTML like Gecko) Chrome/134.0.0.0 Safari/537.36','::1','2025-03-22 09:52:59','2025-03-23 07:52:59',NULL,NULL,'2025-03-22 07:52:59'),('5c0dbe24-0c53-45d0-b0ed-aa680c4b64eb','su','eyJhbGciOiJIUzI1NiJ9.eyJzdWIiOiJBQ0NFU1NfVE9LRU5fc3UiLCJpYXQiOjE3NDQzMTIzODYsImV4cCI6MTc0NDMxOTU4Nn0.9S6JN6otz9YDUCLF9LhKKeYBfjOGqjlSBYP3tC8IhGc','eyJhbGciOiJIUzI1NiJ9.eyJzdWIiOiJSRUZSRVNIX1RPS0VOX3N1IiwiaWF0IjoxNzQ0MzEyMzg2LCJleHAiOjE3NDQzOTg3ODZ9.YZHe0gP7zuJNCEtqNwIfMLh9I3Y7_RB-65MrNWzUCWA','c3U=','Mozilla/5.0 (Windows NT 10.0; Win64; x64) AppleWebKit/537.36 (KHTML like Gecko) Chrome/135.0.0.0 Safari/537.36','::1','2025-04-10 21:13:07','2025-04-11 19:13:07','2025-04-10 19:37:41','LOGOUT','2025-04-10 19:13:07'),('5e4b006e-6a26-4dde-abff-8d4bc15404a8','su','eyJhbGciOiJIUzI1NiJ9.eyJzdWIiOiJBQ0NFU1NfVE9LRU5fc3UiLCJpYXQiOjE3NDkxMzkyOTksImV4cCI6MTc0OTE0NjQ5OX0.0M5DVB-gVUhiJdUUSBrX_1DuhYOkdc8LcSk9g4suCsU','eyJhbGciOiJIUzI1NiJ9.eyJzdWIiOiJSRUZSRVNIX1RPS0VOX3N1IiwiaWF0IjoxNzQ5MTM5Mjk5LCJleHAiOjE3NDkyMjU2OTl9.gDuuYfDfh2U2YxRBeRCSm0EM_xjS_4N3uM0R0iCvDcQ','c3U=','Mozilla/5.0 (Windows NT 10.0; Win64; x64) AppleWebKit/537.36 (KHTML like Gecko) Chrome/136.0.0.0 Safari/537.36','13.80.3.206','2025-06-05 18:01:39','2025-06-06 16:01:39','2025-06-05 16:02:06','LOGOUT','2025-06-05 16:01:39'),('604c7cbc-2e9f-4553-b672-52f3ff36525a','su','eyJhbGciOiJIUzI1NiJ9.eyJzdWIiOiJBQ0NFU1NfVE9LRU5fc3UiLCJpYXQiOjE3NDkxMjMyMDUsImV4cCI6MTc0OTEzMDQwNX0.aRLwRnjDNxdCj4yRtQyrbQRb-lTQsAYSU1_d6RdDrJk','eyJhbGciOiJIUzI1NiJ9.eyJzdWIiOiJSRUZSRVNIX1RPS0VOX3N1IiwiaWF0IjoxNzQ5MTIzMjA1LCJleHAiOjE3NDkyMDk2MDV9.LufPZE28OjJhYEGGx1vy55F11KWvYm9HxPFWkBJVKv4','c3U=','Mozilla/5.0 (Windows NT 10.0; Win64; x64) AppleWebKit/537.36 (KHTML like Gecko) Chrome/136.0.0.0 Safari/537.36','13.80.3.206','2025-06-05 13:33:26','2025-06-06 11:33:26','2025-06-05 11:33:36','LOGOUT','2025-06-05 11:33:26'),('61dda7e2-3cbc-450f-9a9e-b572f1fbfc27','tsleiman.freelance@gmail.com','eyJhbGciOiJIUzI1NiJ9.eyJzdWIiOiJBQ0NFU1NfVE9LRU5fdHNsZWltYW4uZnJlZWxhbmNlQGdtYWlsLmNvbSIsImlhdCI6MTc0ODk4NzQzOSwiZXhwIjoxNzQ4OTk0NjM5fQ.iQw-cKQDF1iQgN8TSoJ7_-6BwjplpDo9a7RJOKPtF1U','eyJhbGciOiJIUzI1NiJ9.eyJzdWIiOiJSRUZSRVNIX1RPS0VOX3RzbGVpbWFuLmZyZWVsYW5jZUBnbWFpbC5jb20iLCJpYXQiOjE3NDg5ODc0MzksImV4cCI6MTc0OTA3MzgzOX0.ia6STAAnAQ_2NUoj495AselknH44t0k6DAdssaSEYCg','dHNsZWltYW4uZnJlZWxhbmNlQGdtYWlsLmNvbQ==','Mozilla/5.0 (Windows NT 10.0; Win64; x64) AppleWebKit/537.36 (KHTML like Gecko) Chrome/136.0.0.0 Safari/537.36','13.80.3.206','2025-06-03 23:50:39','2025-06-04 21:50:39',NULL,NULL,'2025-06-03 21:50:39'),('654371e0-3313-4256-9332-d1aa4df0e754','su','eyJhbGciOiJIUzI1NiJ9.eyJzdWIiOiJBQ0NFU1NfVE9LRU5fc3UiLCJpYXQiOjE3NDkxMzk0NzYsImV4cCI6MTc0OTE0NjY3Nn0.q_f1jV81fgKAghX7pPI8E9yz_I9rL5Kq7tEdbgAul7U','eyJhbGciOiJIUzI1NiJ9.eyJzdWIiOiJSRUZSRVNIX1RPS0VOX3N1IiwiaWF0IjoxNzQ5MTM5NDc2LCJleHAiOjE3NDkyMjU4NzZ9.BA_Rb2iGierRT8EuCe_TccSS7-WopsFYgYXYxTWJFXc','c3U=','Mozilla/5.0 (Windows NT 10.0; Win64; x64) AppleWebKit/537.36 (KHTML like Gecko) Chrome/136.0.0.0 Safari/537.36','13.80.3.206','2025-06-05 18:04:36','2025-06-06 16:04:36','2025-06-05 16:04:52','LOGOUT','2025-06-05 16:04:36'),('6a59c3a0-1151-46e2-8a40-d3b675c951b0','touficsleiman.lb@gmail.com','eyJhbGciOiJIUzI1NiJ9.eyJzdWIiOiJBQ0NFU1NfVE9LRU5fdG91Zmljc2xlaW1hbi5sYkBnbWFpbC5jb20iLCJpYXQiOjE3NDg5ODI5NjksImV4cCI6MTc0ODk5MDE2OX0.usUID-c3XQJqkGVUMt2y0_mb9nxlPn_VGOh6KjmJ6jE','eyJhbGciOiJIUzI1NiJ9.eyJzdWIiOiJSRUZSRVNIX1RPS0VOX3RvdWZpY3NsZWltYW4ubGJAZ21haWwuY29tIiwiaWF0IjoxNzQ4OTgyOTY5LCJleHAiOjE3NDkwNjkzNjl9.JjeZ_AszmiwwqSXSFm3lF3f-DdUDgw_1kCRjgOC3F2o','dG91Zmljc2xlaW1hbi5sYkBnbWFpbC5jb20=','Mozilla/5.0 (Windows NT 10.0; Win64; x64) AppleWebKit/537.36 (KHTML like Gecko) Chrome/136.0.0.0 Safari/537.36','13.80.3.206','2025-06-03 22:36:09','2025-06-04 20:36:09','2025-06-03 20:56:09','LOGOUT','2025-06-03 20:36:09'),('6be32650-93fc-4d8a-8a30-124c36cb067c','touficsleiman.lb@gmail.com','eyJhbGciOiJIUzI1NiJ9.eyJzdWIiOiJBQ0NFU1NfVE9LRU5fdG91Zmljc2xlaW1hbi5sYkBnbWFpbC5jb20iLCJpYXQiOjE3NDg5NzU2MzcsImV4cCI6MTc0ODk4MjgzN30.TCE2bJNta5WqCDS37RCaGZvk4fI03MhrH9-VfeAL0Ag','eyJhbGciOiJIUzI1NiJ9.eyJzdWIiOiJSRUZSRVNIX1RPS0VOX3RvdWZpY3NsZWltYW4ubGJAZ21haWwuY29tIiwiaWF0IjoxNzQ4OTc1NjM3LCJleHAiOjE3NDkwNjIwMzd9.Li7_9rhKjEvseIffVJXhnLm4Gc6y6a3dPEj1aZi4g3U','dG91Zmljc2xlaW1hbi5sYkBnbWFpbC5jb20=','Mozilla/5.0 (Windows NT 10.0; Win64; x64) AppleWebKit/537.36 (KHTML like Gecko) Chrome/136.0.0.0 Safari/537.36','13.80.3.206','2025-06-03 20:33:57','2025-06-04 18:33:57','2025-06-03 19:22:01','LOGOUT','2025-06-03 18:33:57'),('6c9221f2-0cc6-4eac-ba39-976dd4ad6835','su','eyJhbGciOiJIUzI1NiJ9.eyJzdWIiOiJBQ0NFU1NfVE9LRU5fc3UiLCJpYXQiOjE3NDQzMTM4NjgsImV4cCI6MTc0NDMyMTA2OH0.sx88OLKe80IAOa4DGoD9hgYqspkDhA6TtOMx4RzYdk4','eyJhbGciOiJIUzI1NiJ9.eyJzdWIiOiJSRUZSRVNIX1RPS0VOX3N1IiwiaWF0IjoxNzQ0MzEzODY4LCJleHAiOjE3NDQ0MDAyNjh9.Y6xa3hl18FR68moXUbmksErUQt_toa0ts7vNOI5M8jk','c3U=','Mozilla/5.0 (Windows NT 10.0; Win64; x64) AppleWebKit/537.36 (KHTML like Gecko) Chrome/135.0.0.0 Safari/537.36','::1','2025-04-10 21:37:48','2025-04-11 19:37:48',NULL,NULL,'2025-04-10 19:37:48'),('77f9eeb2-2763-4f52-a216-f2766b6fa142','su','eyJhbGciOiJIUzI1NiJ9.eyJzdWIiOiJBQ0NFU1NfVE9LRU5fc3UiLCJpYXQiOjE3NDgwNzY0OTYsImV4cCI6MTc0ODA4MzY5Nn0.BVHOimWIpZbn0N_v4CynhiNP5Wxl7c50Wt-XuHGiKEE','eyJhbGciOiJIUzI1NiJ9.eyJzdWIiOiJSRUZSRVNIX1RPS0VOX3N1IiwiaWF0IjoxNzQ4MDc2NDk2LCJleHAiOjE3NDgxNjI4OTZ9.uKMj9a0UyJqshOralPafFVwfaRrE0BBBY47Lu8PuiE0','c3U=','Mozilla/5.0 (Windows NT 10.0; Win64; x64) AppleWebKit/537.36 (KHTML like Gecko) Chrome/136.0.0.0 Safari/537.36','2.49.206.41','2025-05-24 10:48:17','2025-05-25 08:48:17',NULL,NULL,'2025-05-24 08:48:17'),('7806f3e6-3629-41ad-b844-c56e9eb9daea','su','eyJhbGciOiJIUzI1NiJ9.eyJzdWIiOiJBQ0NFU1NfVE9LRU5fc3UiLCJpYXQiOjE3NDgwNzYyMTcsImV4cCI6MTc0ODA4MzQxN30.ltNC2-VvaxoeVyj6Ql7CGaGGYeLpl1BIZVnxm3opkk0','eyJhbGciOiJIUzI1NiJ9.eyJzdWIiOiJSRUZSRVNIX1RPS0VOX3N1IiwiaWF0IjoxNzQ4MDc2MjE3LCJleHAiOjE3NDgxNjI2MTd9.D07p3cmCxaT0LCwSJDT63FzjT3J2VJGOJRstGRDrioE','c3U=','Mozilla/5.0 (Windows NT 10.0; Win64; x64) AppleWebKit/537.36 (KHTML like Gecko) Chrome/136.0.0.0 Safari/537.36','2.49.206.41','2025-05-24 10:43:37','2025-05-25 08:43:37',NULL,NULL,'2025-05-24 08:43:37'),('78e7152d-8d4a-4b3d-bec6-8f381c3079e0','su','eyJhbGciOiJIUzI1NiJ9.eyJzdWIiOiJBQ0NFU1NfVE9LRU5fc3UiLCJpYXQiOjE3NDgwNzYxNzQsImV4cCI6MTc0ODA4MzM3NH0.xHUqqPt5pnhLqIlywDlePDWBI51W8K_VjQ-R-vWXAkk','eyJhbGciOiJIUzI1NiJ9.eyJzdWIiOiJSRUZSRVNIX1RPS0VOX3N1IiwiaWF0IjoxNzQ4MDc2MTc0LCJleHAiOjE3NDgxNjI1NzR9.pYKytF8Aq1zxY2T9A9HPnTunrmFORTPEWrqHRlU9V-g','c3U=','Mozilla/5.0 (Windows NT 10.0; Win64; x64) AppleWebKit/537.36 (KHTML like Gecko) Chrome/136.0.0.0 Safari/537.36','::1','2025-05-24 10:42:54','2025-05-25 08:42:54','2025-05-24 08:43:30','LOGOUT','2025-05-24 08:42:54'),('833fa8c9-a297-4cae-b65e-dda5f049c22c','touficsleiman.lb@gmail.com','eyJhbGciOiJIUzI1NiJ9.eyJzdWIiOiJBQ0NFU1NfVE9LRU5fdG91Zmljc2xlaW1hbi5sYkBnbWFpbC5jb20iLCJpYXQiOjE3NDkxMjMxNTcsImV4cCI6MTc0OTEzMDM1N30.8TsabRjE2ko09LqI9RnvyvwXcws5MJzoaS2RSzMt1dk','eyJhbGciOiJIUzI1NiJ9.eyJzdWIiOiJSRUZSRVNIX1RPS0VOX3RvdWZpY3NsZWltYW4ubGJAZ21haWwuY29tIiwiaWF0IjoxNzQ5MTIzMTU3LCJleHAiOjE3NDkyMDk1NTd9.YCwLb2rwyJicdLWWozeZnwgAHqE7rG4xwrXZltGKbmw','dG91Zmljc2xlaW1hbi5sYkBnbWFpbC5jb20=','Mozilla/5.0 (Windows NT 10.0; Win64; x64) AppleWebKit/537.36 (KHTML like Gecko) Chrome/136.0.0.0 Safari/537.36','13.80.3.206','2025-06-05 13:32:38','2025-06-06 11:32:38','2025-06-05 11:33:22','LOGOUT','2025-06-05 11:32:38'),('86967ddf-dacb-4307-a6da-91b17876cff9','su','eyJhbGciOiJIUzI1NiJ9.eyJzdWIiOiJBQ0NFU1NfVE9LRU5fc3UiLCJpYXQiOjE3NDgzNzEzMTcsImV4cCI6MTc0ODM3ODUxN30.GYiuSUdu3lZ1VDdnz8m5WwnlQm_z-JA95DV9PifqTe8','eyJhbGciOiJIUzI1NiJ9.eyJzdWIiOiJSRUZSRVNIX1RPS0VOX3N1IiwiaWF0IjoxNzQ4MzcxMzE3LCJleHAiOjE3NDg0NTc3MTd9.VisiU7JNLgaIOrRrcgazFLTFVh1PxFmU-y40CCtL7Gk','c3U=','Mozilla/5.0 (Windows NT 10.0; Win64; x64) AppleWebKit/537.36 (KHTML like Gecko) Chrome/136.0.0.0 Safari/537.36','13.80.3.206','2025-05-27 20:41:57','2025-05-28 18:41:57','2025-05-27 19:12:24','LOGOUT','2025-05-27 18:41:57'),('86f6760f-d7ed-44b0-a6b2-67e9fb1a7e52','su','eyJhbGciOiJIUzI1NiJ9.eyJzdWIiOiJBQ0NFU1NfVE9LRU5fc3UiLCJpYXQiOjE3NDg0NjE0MDgsImV4cCI6MTc0ODQ2ODYwOH0.yDyzvF3CtHrpERGomBo4-8aoo1dH3B0RT-BZcW73tkE','eyJhbGciOiJIUzI1NiJ9.eyJzdWIiOiJSRUZSRVNIX1RPS0VOX3N1IiwiaWF0IjoxNzQ4NDYxNDA4LCJleHAiOjE3NDg1NDc4MDh9.Vvn8hOFXcqWNOCvPUcFEmYmxfHPVcAckeVy88Qb3_1o','c3U=','Mozilla/5.0 (Windows NT 10.0; Win64; x64) AppleWebKit/537.36 (KHTML like Gecko) Chrome/136.0.0.0 Safari/537.36','13.80.3.206','2025-05-28 21:43:28','2025-05-29 19:43:28',NULL,NULL,'2025-05-28 19:43:28'),('87adcb71-f65f-4b50-8a09-6bd032e699b8','su','eyJhbGciOiJIUzI1NiJ9.eyJzdWIiOiJBQ0NFU1NfVE9LRU5fc3UiLCJpYXQiOjE3NDgwOTI2MDQsImV4cCI6MTc0ODA5OTgwNH0.BgFRowVSjCChHby7qLVb3IPiWUy02zYRQv3V-qAxNXA','eyJhbGciOiJIUzI1NiJ9.eyJzdWIiOiJSRUZSRVNIX1RPS0VOX3N1IiwiaWF0IjoxNzQ4MDkyNjA0LCJleHAiOjE3NDgxNzkwMDR9.Ax9Y31Ujk1BxKfksLou0buZYp1jxhaPvrtkTDVcnbJU','c3U=','Mozilla/5.0 (Windows NT 10.0; Win64; x64) AppleWebKit/537.36 (KHTML like Gecko) Chrome/136.0.0.0 Safari/537.36','13.80.3.206','2025-05-24 15:16:45','2025-05-25 13:16:45','2025-05-24 13:18:09','LOGOUT','2025-05-24 13:16:45'),('886c2f73-df83-4b4c-8ed5-5a751aeb719a','admin','eyJhbGciOiJIUzI1NiJ9.eyJzdWIiOiJBQ0NFU1NfVE9LRU5fYWRtaW4iLCJpYXQiOjE3NDkxMzk0OTYsImV4cCI6MTc0OTE0NjY5Nn0.hXoeKbIDoOa5vtKHY-5dz8wEDFe5jtygNdfy2al4Zqk','eyJhbGciOiJIUzI1NiJ9.eyJzdWIiOiJSRUZSRVNIX1RPS0VOX2FkbWluIiwiaWF0IjoxNzQ5MTM5NDk2LCJleHAiOjE3NDkyMjU4OTZ9.hnRqXL1ng2KlAbiKs98NYZHhQqFQfH2Acv4pqXd_EIE','YWRtaW4=','Mozilla/5.0 (Windows NT 10.0; Win64; x64) AppleWebKit/537.36 (KHTML like Gecko) Chrome/136.0.0.0 Safari/537.36','13.80.3.206','2025-06-05 18:04:56','2025-06-06 16:04:56',NULL,NULL,'2025-06-05 16:04:56'),('8ca1bf15-4884-4edd-aee5-77b7b4461f68','touficsleiman.lb@gmail.com','eyJhbGciOiJIUzI1NiJ9.eyJzdWIiOiJBQ0NFU1NfVE9LRU5fdG91Zmljc2xlaW1hbi5sYkBnbWFpbC5jb20iLCJpYXQiOjE3NDg5Nzg2OTAsImV4cCI6MTc0ODk4NTg5MH0.uRs6ss6DUtSm491xXBdxrs_HjXf7OTIXJP-OShKpHAc','eyJhbGciOiJIUzI1NiJ9.eyJzdWIiOiJSRUZSRVNIX1RPS0VOX3RvdWZpY3NsZWltYW4ubGJAZ21haWwuY29tIiwiaWF0IjoxNzQ4OTc4NjkwLCJleHAiOjE3NDkwNjUwOTB9.YEXrZJzTeIsAEJleJadO_af6MNiJYHXfsYoMJfCfz3Q','dG91Zmljc2xlaW1hbi5sYkBnbWFpbC5jb20=','Mozilla/5.0 (Windows NT 10.0; Win64; x64) AppleWebKit/537.36 (KHTML like Gecko) Chrome/136.0.0.0 Safari/537.36','13.80.3.206','2025-06-03 21:24:51','2025-06-04 19:24:51','2025-06-03 19:25:09','LOGOUT','2025-06-03 19:24:51'),('8fe12a35-ff40-4a7f-9192-9ecc73cbc079','admin','eyJhbGciOiJIUzI1NiJ9.eyJzdWIiOiJBQ0NFU1NfVE9LRU5fYWRtaW4iLCJpYXQiOjE3NDkxMzkzMjksImV4cCI6MTc0OTE0NjUyOX0.wKU0KSzR9uHj0U6iuIELt5-juYTLxwIa4CHbs2tey3k','eyJhbGciOiJIUzI1NiJ9.eyJzdWIiOiJSRUZSRVNIX1RPS0VOX2FkbWluIiwiaWF0IjoxNzQ5MTM5MzI5LCJleHAiOjE3NDkyMjU3Mjl9.C7r5YzraUriPwTY3R2SYO15kbPb8NFF5_uDKAFD_oig','YWRtaW4=','Mozilla/5.0 (Windows NT 10.0; Win64; x64) AppleWebKit/537.36 (KHTML like Gecko) Chrome/136.0.0.0 Safari/537.36','13.80.3.206','2025-06-05 18:02:09','2025-06-06 16:02:09','2025-06-05 16:03:56','LOGOUT','2025-06-05 16:02:09'),('98b1ef9a-ba47-4012-a6c5-cb920a666dbf','su','eyJhbGciOiJIUzI1NiJ9.eyJzdWIiOiJBQ0NFU1NfVE9LRU5fc3UiLCJpYXQiOjE3NDM5NjcxMjcsImV4cCI6MTc0Mzk3NDMyN30._434ERUqIK4HGixxd2VGvHHzZIblu59JE_MhqFgpbmA','eyJhbGciOiJIUzI1NiJ9.eyJzdWIiOiJSRUZSRVNIX1RPS0VOX3N1IiwiaWF0IjoxNzQzOTY3MTI3LCJleHAiOjE3NDQwNTM1Mjd9.ViqfR561QUlaZuLjr8Hk7IYs6T-m_1z3PuB_C-hU-y4','c3U=','Mozilla/5.0 (Windows NT 10.0; Win64; x64) AppleWebKit/537.36 (KHTML like Gecko) Chrome/135.0.0.0 Safari/537.36','::1','2025-04-06 21:18:48','2025-04-07 19:18:48',NULL,NULL,'2025-04-06 19:18:48'),('9b67e2c5-1a50-4b35-a56e-3939056b4c21','su','eyJhbGciOiJIUzI1NiJ9.eyJzdWIiOiJBQ0NFU1NfVE9LRU5fc3UiLCJpYXQiOjE3NDkxMjMwMDYsImV4cCI6MTc0OTEzMDIwNn0.pYhnNpTxUNgrYiybErbvTlrd0aF-EJ_Vx4Hn6xPqLec','eyJhbGciOiJIUzI1NiJ9.eyJzdWIiOiJSRUZSRVNIX1RPS0VOX3N1IiwiaWF0IjoxNzQ5MTIzMDA2LCJleHAiOjE3NDkyMDk0MDZ9.rec1kD8-vp3VgnbqNsXWdT9HRYpW7v0Hpy45AmS4IQA','c3U=','Mozilla/5.0 (Windows NT 10.0; Win64; x64) AppleWebKit/537.36 (KHTML like Gecko) Chrome/136.0.0.0 Safari/537.36','13.80.3.206','2025-06-05 13:30:06','2025-06-06 11:30:06','2025-06-05 11:32:35','LOGOUT','2025-06-05 11:30:06'),('a161628c-ae9c-4001-9040-1892cadd3969','su','eyJhbGciOiJIUzI1NiJ9.eyJzdWIiOiJBQ0NFU1NfVE9LRU5fc3UiLCJpYXQiOjE3NDg5ODcyNzIsImV4cCI6MTc0ODk5NDQ3Mn0.es9D1IflodHsyEfiRNWY9fLipK8loriWzTJ7G5ajpXo','eyJhbGciOiJIUzI1NiJ9.eyJzdWIiOiJSRUZSRVNIX1RPS0VOX3N1IiwiaWF0IjoxNzQ4OTg3MjcyLCJleHAiOjE3NDkwNzM2NzJ9.H7c_E5y75dTQKqvtBU6v-12nPVZlNpmFYMic1IxmgWY','c3U=','Mozilla/5.0 (Windows NT 10.0; Win64; x64) AppleWebKit/537.36 (KHTML like Gecko) Chrome/136.0.0.0 Safari/537.36','13.80.3.206','2025-06-03 23:47:53','2025-06-04 21:47:53','2025-06-03 21:48:05','LOGOUT','2025-06-03 21:47:53'),('ac60a868-1db3-4118-95ae-6ac13d6f4d89','touficsleiman.lb@gmail.com','eyJhbGciOiJIUzI1NiJ9.eyJzdWIiOiJBQ0NFU1NfVE9LRU5fdG91Zmljc2xlaW1hbi5sYkBnbWFpbC5jb20iLCJpYXQiOjE3NDkxMjMyMjEsImV4cCI6MTc0OTEzMDQyMX0.TPxbA7KH6IaZed0oStaOGHW4VdegtOHKNz0ayllNgCk','eyJhbGciOiJIUzI1NiJ9.eyJzdWIiOiJSRUZSRVNIX1RPS0VOX3RvdWZpY3NsZWltYW4ubGJAZ21haWwuY29tIiwiaWF0IjoxNzQ5MTIzMjIxLCJleHAiOjE3NDkyMDk2MjF9.z1Ji1Be12Pl0x9FoM-Rczx9ZNg2ZT3IpZoLC9byvTJU','dG91Zmljc2xlaW1hbi5sYkBnbWFpbC5jb20=','Mozilla/5.0 (Windows NT 10.0; Win64; x64) AppleWebKit/537.36 (KHTML like Gecko) Chrome/136.0.0.0 Safari/537.36','13.80.3.206','2025-06-05 13:33:41','2025-06-06 11:33:41','2025-06-05 11:35:56','LOGOUT','2025-06-05 11:33:41'),('ade64280-2611-47b7-9421-a28f4f3b186d','su','eyJhbGciOiJIUzI1NiJ9.eyJzdWIiOiJBQ0NFU1NfVE9LRU5fc3UiLCJpYXQiOjE3NDkxMjcxMjcsImV4cCI6MTc0OTEzNDMyN30.IsfIp605OSz5cYOxY7sUlRYAO6W-ef-jC3vK9eIntEM','eyJhbGciOiJIUzI1NiJ9.eyJzdWIiOiJSRUZSRVNIX1RPS0VOX3N1IiwiaWF0IjoxNzQ5MTI3MTI3LCJleHAiOjE3NDkyMTM1Mjd9.mCVSaKHd-Z2Zf9rEGpg7ruMrH8eMssJZadC_1rMScXs','c3U=','Mozilla/5.0 (Windows NT 10.0; Win64; x64) AppleWebKit/537.36 (KHTML like Gecko) Chrome/136.0.0.0 Safari/537.36','13.80.3.206','2025-06-05 14:38:47','2025-06-06 12:38:47','2025-06-05 12:48:21','LOGOUT','2025-06-05 12:38:47'),('b084300d-fa28-4d98-9d3f-ebf03a389d7d','su','eyJhbGciOiJIUzI1NiJ9.eyJzdWIiOiJBQ0NFU1NfVE9LRU5fc3UiLCJpYXQiOjE3NDgzNzAzMjAsImV4cCI6MTc0ODM3NzUyMH0.B51Um25JtKK9LFvPkHOntVUosGp8o_GstrZclN2oQRc','eyJhbGciOiJIUzI1NiJ9.eyJzdWIiOiJSRUZSRVNIX1RPS0VOX3N1IiwiaWF0IjoxNzQ4MzcwMzIwLCJleHAiOjE3NDg0NTY3MjB9.JRMLAky1HxBTDjuRnEnWHSqLjPxaGVcLpCM9q4P_7Sg','c3U=','Mozilla/5.0 (Windows NT 10.0; Win64; x64) AppleWebKit/537.36 (KHTML like Gecko) Chrome/136.0.0.0 Safari/537.36','13.80.3.206','2025-05-27 20:25:20','2025-05-28 18:25:20','2025-05-27 18:41:52','LOGOUT','2025-05-27 18:25:20'),('b9189f3b-5014-412c-a43e-a3d00650685e','su','eyJhbGciOiJIUzI1NiJ9.eyJzdWIiOiJBQ0NFU1NfVE9LRU5fc3UiLCJpYXQiOjE3NDgzNzMxNTAsImV4cCI6MTc0ODM4MDM1MH0.gkAitz129G-0YnyVRMfrMT1gLNRHlxE56huLynV-3W0','eyJhbGciOiJIUzI1NiJ9.eyJzdWIiOiJSRUZSRVNIX1RPS0VOX3N1IiwiaWF0IjoxNzQ4MzczMTUwLCJleHAiOjE3NDg0NTk1NTB9.F2VGrrR8y5fx_zJSf-3dFnqROY7Li5MAsLchfjfvLKQ','c3U=','Mozilla/5.0 (Windows NT 10.0; Win64; x64) AppleWebKit/537.36 (KHTML like Gecko) Chrome/136.0.0.0 Safari/537.36','13.80.3.206','2025-05-27 21:12:30','2025-05-28 19:12:30',NULL,NULL,'2025-05-27 19:12:30'),('b95e0dd7-c3b8-4530-b2da-9c5f8fe92a7c','su','eyJhbGciOiJIUzI1NiJ9.eyJzdWIiOiJBQ0NFU1NfVE9LRU5fc3UiLCJpYXQiOjE3NDc0NjI4NjQsImV4cCI6MTc0NzQ3MDA2NH0.tlYDbDyMYOZU6C9jVVrC0fkAZdb89o-RzqmQKqedqQU','eyJhbGciOiJIUzI1NiJ9.eyJzdWIiOiJSRUZSRVNIX1RPS0VOX3N1IiwiaWF0IjoxNzQ3NDYyODY0LCJleHAiOjE3NDc1NDkyNjR9.Xv2GFAqLyXbdQGbQH77MY2kjKA4pUaybwFOVpFrSic0','c3U=','Mozilla/5.0 (Windows NT 10.0; Win64; x64) AppleWebKit/537.36 (KHTML like Gecko) Chrome/136.0.0.0 Safari/537.36','::1','2025-05-17 08:21:05','2025-05-18 06:21:05','2025-05-17 06:21:15','LOGOUT','2025-05-17 06:21:05'),('bb40dc8a-e160-437d-b8cd-240dbd2381cb','su','eyJhbGciOiJIUzI1NiJ9.eyJzdWIiOiJBQ0NFU1NfVE9LRU5fc3UiLCJpYXQiOjE3NDgwNzY3NjksImV4cCI6MTc0ODA4Mzk2OX0.JfolxHTvwQbtQlKTUfuYRSV1Dys1A4jsAZ9r9Pe3wTk','eyJhbGciOiJIUzI1NiJ9.eyJzdWIiOiJSRUZSRVNIX1RPS0VOX3N1IiwiaWF0IjoxNzQ4MDc2NzY5LCJleHAiOjE3NDgxNjMxNjl9.OqA8xd8UcbdUFV2ZGNwfiNXTKnf0tN0YyW5sj4UAd9I','c3U=','Mozilla/5.0 (Windows NT 10.0; Win64; x64) AppleWebKit/537.36 (KHTML like Gecko) Chrome/136.0.0.0 Safari/537.36','2.49.206.41','2025-05-24 10:52:50','2025-05-25 08:52:50',NULL,NULL,'2025-05-24 08:52:50'),('bf9efe68-33b0-41c9-ad74-1dd1246915b6','admin','eyJhbGciOiJIUzI1NiJ9.eyJzdWIiOiJBQ0NFU1NfVE9LRU5fYWRtaW4iLCJpYXQiOjE3NDkxMzk0NjIsImV4cCI6MTc0OTE0NjY2Mn0.V3sBOrQpFXiNwp73hQboa9CH852iiVICtGT0M782CPQ','eyJhbGciOiJIUzI1NiJ9.eyJzdWIiOiJSRUZSRVNIX1RPS0VOX2FkbWluIiwiaWF0IjoxNzQ5MTM5NDYyLCJleHAiOjE3NDkyMjU4NjJ9.3yzTJKJE394mqDhNmxOwGidnzxzEl48TOFP5hzUMmsk','YWRtaW4=','Mozilla/5.0 (Windows NT 10.0; Win64; x64) AppleWebKit/537.36 (KHTML like Gecko) Chrome/136.0.0.0 Safari/537.36','13.80.3.206','2025-06-05 18:04:23','2025-06-06 16:04:23','2025-06-05 16:04:32','LOGOUT','2025-06-05 16:04:23'),('c0f2e25e-19ff-4444-a1af-b9db2c9bba11','su','eyJhbGciOiJIUzI1NiJ9.eyJzdWIiOiJBQ0NFU1NfVE9LRU5fc3UiLCJpYXQiOjE3NDUwOTM2MTAsImV4cCI6MTc0NTEwMDgxMH0.JogcJilpAFabt5gFLbCiFIiKJ316k3C4mCQtIKVT1Z8','eyJhbGciOiJIUzI1NiJ9.eyJzdWIiOiJSRUZSRVNIX1RPS0VOX3N1IiwiaWF0IjoxNzQ1MDkzNjEwLCJleHAiOjE3NDUxODAwMTB9.hdLIG4eePls1r-wfKRCxYYYy0ZL1-0GZNSdM4cIICj0','c3U=','Mozilla/5.0 (Windows NT 10.0; Win64; x64) AppleWebKit/537.36 (KHTML like Gecko) Chrome/135.0.0.0 Safari/537.36','::1','2025-04-19 22:13:30','2025-04-20 20:13:30',NULL,NULL,'2025-04-19 20:13:30'),('c191eeca-eea4-49b5-8a53-a73f02ab1b28','su','eyJhbGciOiJIUzI1NiJ9.eyJzdWIiOiJBQ0NFU1NfVE9LRU5fc3UiLCJpYXQiOjE3NDkxMzU4NTAsImV4cCI6MTc0OTE0MzA1MH0.NNwuy_keGMUobsn65ylwgmp_OeSlcXyqbsAufqXYEYM','eyJhbGciOiJIUzI1NiJ9.eyJzdWIiOiJSRUZSRVNIX1RPS0VOX3N1IiwiaWF0IjoxNzQ5MTM1ODUwLCJleHAiOjE3NDkyMjIyNTB9.Ynz1AmjyfzY4TEQGdm7WuMroS-iTHEVMkUSWERgzp_4','c3U=','Mozilla/5.0 (Windows NT 10.0; Win64; x64) AppleWebKit/537.36 (KHTML like Gecko) Chrome/136.0.0.0 Safari/537.36','13.80.3.206','2025-06-05 17:04:10','2025-06-06 15:04:10','2025-06-05 15:05:37','LOGOUT','2025-06-05 15:04:10'),('c4c64142-abc5-4694-8584-15d1277f6ffb','su','eyJhbGciOiJIUzI1NiJ9.eyJzdWIiOiJBQ0NFU1NfVE9LRU5fc3UiLCJpYXQiOjE3NDgwNzYyMjYsImV4cCI6MTc0ODA4MzQyNn0.-4D5UBPVDcHe7BWBYy-pv_V83z0IUxNr8sFoWAIlZm8','eyJhbGciOiJIUzI1NiJ9.eyJzdWIiOiJSRUZSRVNIX1RPS0VOX3N1IiwiaWF0IjoxNzQ4MDc2MjI2LCJleHAiOjE3NDgxNjI2MjZ9.lCwVnU-RBSbD3GZ6Oov7Eu4x_Qwq0zKYlWR8xCx1r0Q','c3U=','Mozilla/5.0 (Windows NT 10.0; Win64; x64) AppleWebKit/537.36 (KHTML like Gecko) Chrome/136.0.0.0 Safari/537.36','2.49.206.41','2025-05-24 10:43:46','2025-05-25 08:43:46',NULL,NULL,'2025-05-24 08:43:46'),('c7f6c8da-d6b3-4b45-894c-529c3f44463a','touficsleiman.lb@gmail.com','eyJhbGciOiJIUzI1NiJ9.eyJzdWIiOiJBQ0NFU1NfVE9LRU5fdG91Zmljc2xlaW1hbi5sYkBnbWFpbC5jb20iLCJpYXQiOjE3NDg5ODUyODYsImV4cCI6MTc0ODk5MjQ4Nn0.knuRRiX7KUZvezmHDkuC_kyPO_afY1NJcz8k0QKet5M','eyJhbGciOiJIUzI1NiJ9.eyJzdWIiOiJSRUZSRVNIX1RPS0VOX3RvdWZpY3NsZWltYW4ubGJAZ21haWwuY29tIiwiaWF0IjoxNzQ4OTg1Mjg2LCJleHAiOjE3NDkwNzE2ODZ9.NUWMoeGjF59nva0pMFJ9rugFPIP1r4ZTb2UnrKDdbJs','dG91Zmljc2xlaW1hbi5sYkBnbWFpbC5jb20=','Mozilla/5.0 (Windows NT 10.0; Win64; x64) AppleWebKit/537.36 (KHTML like Gecko) Chrome/136.0.0.0 Safari/537.36','13.80.3.206','2025-06-03 23:14:46','2025-06-04 21:14:46','2025-06-03 21:47:45','LOGOUT','2025-06-03 21:14:46'),('ca1e4cce-b5d2-43f4-a120-8546f6fe2277','su','eyJhbGciOiJIUzI1NiJ9.eyJzdWIiOiJBQ0NFU1NfVE9LRU5fc3UiLCJpYXQiOjE3NDgwNzY2MTQsImV4cCI6MTc0ODA4MzgxNH0.XOEz1KxwnOOXh0XHOGTl6wcGPWlNiRjGRHU5r-_J5q0','eyJhbGciOiJIUzI1NiJ9.eyJzdWIiOiJSRUZSRVNIX1RPS0VOX3N1IiwiaWF0IjoxNzQ4MDc2NjE0LCJleHAiOjE3NDgxNjMwMTR9.DZoIEhERkhLRNdXb96JVHNj4qx19A_cx3-a9_0zPZhg','c3U=','Mozilla/5.0 (Windows NT 10.0; Win64; x64) AppleWebKit/537.36 (KHTML like Gecko) Chrome/136.0.0.0 Safari/537.36','2.49.206.41','2025-05-24 10:50:15','2025-05-25 08:50:15',NULL,NULL,'2025-05-24 08:50:15'),('d3c4f2f3-b78a-4318-82e2-fe82be3a2c59','su','eyJhbGciOiJIUzI1NiJ9.eyJzdWIiOiJBQ0NFU1NfVE9LRU5fc3UiLCJpYXQiOjE3NDQ5MjQ2MDQsImV4cCI6MTc0NDkzMTgwNH0.KBVFoIr7XdiknSJEvJBMoGQdntLns4I_n0e0GV9OvhA','eyJhbGciOiJIUzI1NiJ9.eyJzdWIiOiJSRUZSRVNIX1RPS0VOX3N1IiwiaWF0IjoxNzQ0OTI0NjA0LCJleHAiOjE3NDUwMTEwMDR9.0C1ov5DGL6bGRcavoxjAMK3516UXnZp510Vxrr5ImiY','c3U=','Mozilla/5.0 (Windows NT 10.0; Win64; x64) AppleWebKit/537.36 (KHTML like Gecko) Chrome/135.0.0.0 Safari/537.36','::1','2025-04-17 23:16:44','2025-04-18 21:16:44',NULL,NULL,'2025-04-17 21:16:44'),('d5124b95-88c1-42ce-9ebf-7dbebabbc8ab','su','eyJhbGciOiJIUzI1NiJ9.eyJzdWIiOiJBQ0NFU1NfVE9LRU5fc3UiLCJpYXQiOjE3NDgwODc3MzQsImV4cCI6MTc0ODA5NDkzNH0.F3pSjpk7xLidZcbXUgKQQCqkquVe8-PsBKEXLjMRUBY','eyJhbGciOiJIUzI1NiJ9.eyJzdWIiOiJSRUZSRVNIX1RPS0VOX3N1IiwiaWF0IjoxNzQ4MDg3NzM0LCJleHAiOjE3NDgxNzQxMzR9.w3d2Oz61dMYD15kIJ5lGsC0Ca05a8BfQ5FrLHywojHo','c3U=','Mozilla/5.0 (Windows NT 10.0; Win64; x64) AppleWebKit/537.36 (KHTML like Gecko) Chrome/136.0.0.0 Safari/537.36','2.49.206.41','2025-05-24 13:55:35','2025-05-25 11:55:35',NULL,NULL,'2025-05-24 11:55:35'),('d7d3596c-0fee-46a9-9e61-24a4942f9a71','admin','eyJhbGciOiJIUzI1NiJ9.eyJzdWIiOiJBQ0NFU1NfVE9LRU5fYWRtaW4iLCJpYXQiOjE3NDMxMDU4MjIsImV4cCI6MTc0MzExMzAyMn0.4gFj0gk_sOpCHuocZokkOWnaBlXorMKtCGs-uAKSino','eyJhbGciOiJIUzI1NiJ9.eyJzdWIiOiJSRUZSRVNIX1RPS0VOX2FkbWluIiwiaWF0IjoxNzQzMTA1ODIyLCJleHAiOjE3NDMxOTIyMjJ9.b74QOEVMjvjMyl8IwUQAAh65eRXPzteffLCnR84wUKY','YWRtaW4=','Mozilla/5.0 (Windows NT 10.0; Win64; x64) AppleWebKit/537.36 (KHTML like Gecko) Chrome/134.0.0.0 Safari/537.36','::1','2025-03-27 22:03:42','2025-03-28 20:03:42',NULL,NULL,'2025-03-27 20:03:42'),('dc8a6cf6-9d55-4ee8-af40-4f5c5b440070','ts.spsa@gmail.com','eyJhbGciOiJIUzI1NiJ9.eyJzdWIiOiJBQ0NFU1NfVE9LRU5fdHMuc3BzYUBnbWFpbC5jb20iLCJpYXQiOjE3NDkxMzc5ODgsImV4cCI6MTc0OTE0NTE4OH0.tUivGog375h_JzKyoAci4jgqMFw6sam5MKRqr2aO72Y','eyJhbGciOiJIUzI1NiJ9.eyJzdWIiOiJSRUZSRVNIX1RPS0VOX3RzLnNwc2FAZ21haWwuY29tIiwiaWF0IjoxNzQ5MTM3OTg4LCJleHAiOjE3NDkyMjQzODh9.S9BgrYK00agffQJoLEya2dtw7HHEbowPBlXh40vpCW4','dHMuc3BzYUBnbWFpbC5jb20=','Mozilla/5.0 (Windows NT 10.0; Win64; x64) AppleWebKit/537.36 (KHTML like Gecko) Chrome/136.0.0.0 Safari/537.36','13.80.3.206','2025-06-05 17:39:48','2025-06-06 15:39:48','2025-06-05 15:47:12','LOGOUT','2025-06-05 15:39:48'),('e55b227d-d0db-4b3d-ab62-0b6e424e596c','touficsleiman.lb@gmail.com','eyJhbGciOiJIUzI1NiJ9.eyJzdWIiOiJBQ0NFU1NfVE9LRU5fdG91Zmljc2xlaW1hbi5sYkBnbWFpbC5jb20iLCJpYXQiOjE3NDg5ODA5NzYsImV4cCI6MTc0ODk4ODE3Nn0.87eQkJIhmCtNYffFax8viKZnTRMjsckHNUglqzguNVA','eyJhbGciOiJIUzI1NiJ9.eyJzdWIiOiJSRUZSRVNIX1RPS0VOX3RvdWZpY3NsZWltYW4ubGJAZ21haWwuY29tIiwiaWF0IjoxNzQ4OTgwOTc2LCJleHAiOjE3NDkwNjczNzZ9.vdO1SrrntMkfIHlV4JZq2GOJ2IVctgymrAsxEViw3p8','dG91Zmljc2xlaW1hbi5sYkBnbWFpbC5jb20=','Mozilla/5.0 (Windows NT 10.0; Win64; x64) AppleWebKit/537.36 (KHTML like Gecko) Chrome/136.0.0.0 Safari/537.36','13.80.3.206','2025-06-03 22:02:57','2025-06-04 20:02:57','2025-06-03 20:35:46','LOGOUT','2025-06-03 20:02:57'),('f422de55-a51a-4ffd-aea5-5c0ff2a6ce31','ts.spsa@gmail.com','eyJhbGciOiJIUzI1NiJ9.eyJzdWIiOiJBQ0NFU1NfVE9LRU5fdHMuc3BzYUBnbWFpbC5jb20iLCJpYXQiOjE3NDkxMzY4OTksImV4cCI6MTc0OTE0NDA5OX0.4V9TDa5-mXQfOxYZqZZdPZqKtYGzjQIBTLjHtF1x9WU','eyJhbGciOiJIUzI1NiJ9.eyJzdWIiOiJSRUZSRVNIX1RPS0VOX3RzLnNwc2FAZ21haWwuY29tIiwiaWF0IjoxNzQ5MTM2ODk5LCJleHAiOjE3NDkyMjMyOTl9._7vxtbJlN4HRJB2NIG7fp4bXwENorFrAdl6yv3Qed78','dHMuc3BzYUBnbWFpbC5jb20=','Mozilla/5.0 (Windows NT 10.0; Win64; x64) AppleWebKit/537.36 (KHTML like Gecko) Chrome/136.0.0.0 Safari/537.36','13.80.3.206','2025-06-05 17:21:39','2025-06-06 15:21:39','2025-06-05 15:39:19','LOGOUT','2025-06-05 15:21:39'),('f922c0d3-7022-4fe6-b8c1-7df36bba74b9','su','eyJhbGciOiJIUzI1NiJ9.eyJzdWIiOiJBQ0NFU1NfVE9LRU5fc3UiLCJpYXQiOjE3NDg5ODI5NTEsImV4cCI6MTc0ODk5MDE1MX0.3BfHQHJBzLDVZdyfzxzJz6NYG7aHnba22D8hqaJTl9c','eyJhbGciOiJIUzI1NiJ9.eyJzdWIiOiJSRUZSRVNIX1RPS0VOX3N1IiwiaWF0IjoxNzQ4OTgyOTUxLCJleHAiOjE3NDkwNjkzNTF9.EN-4Hv_zeysHk5hHhg5v0uzasTs--uGHgzAYnc9bQes','c3U=','Mozilla/5.0 (Windows NT 10.0; Win64; x64) AppleWebKit/537.36 (KHTML like Gecko) Chrome/136.0.0.0 Safari/537.36','13.80.3.206','2025-06-03 22:35:51','2025-06-04 20:35:51','2025-06-03 20:36:04','LOGOUT','2025-06-03 20:35:51'),('fc361caf-7a48-4480-9aad-e220d48bcc50','su','eyJhbGciOiJIUzI1NiJ9.eyJzdWIiOiJBQ0NFU1NfVE9LRU5fc3UiLCJpYXQiOjE3NDkxMjMzNTgsImV4cCI6MTc0OTEzMDU1OH0.63th8LMDtlssCO35LFehj__yXVR7Wwqwn4DecsMsNeQ','eyJhbGciOiJIUzI1NiJ9.eyJzdWIiOiJSRUZSRVNIX1RPS0VOX3N1IiwiaWF0IjoxNzQ5MTIzMzU4LCJleHAiOjE3NDkyMDk3NTh9.T1Qf0kFsKPTklIVUACFoNvYnJTlTexF1sgYRpjZ-iLs','c3U=','Mozilla/5.0 (Windows NT 10.0; Win64; x64) AppleWebKit/537.36 (KHTML like Gecko) Chrome/136.0.0.0 Safari/537.36','13.80.3.206','2025-06-05 13:35:59','2025-06-06 11:35:59','2025-06-05 11:37:31','LOGOUT','2025-06-05 11:35:59');
/*!40000 ALTER TABLE `tokens` ENABLE KEYS */;
UNLOCK TABLES;

--
-- Table structure for table `users`
--

DROP TABLE IF EXISTS `users`;
/*!40101 SET @saved_cs_client     = @@character_set_client */;
/*!50503 SET character_set_client = utf8mb4 */;
CREATE TABLE `users` (
  `user_id` bigint NOT NULL AUTO_INCREMENT,
  `first_name` varchar(30) CHARACTER SET utf8mb4 COLLATE utf8mb4_general_ci DEFAULT NULL,
  `last_name` varchar(30) CHARACTER SET utf8mb4 COLLATE utf8mb4_general_ci DEFAULT NULL,
  `username` varchar(250) CHARACTER SET utf8mb4 COLLATE utf8mb4_general_ci NOT NULL,
  `password` text CHARACTER SET utf8mb4 COLLATE utf8mb4_general_ci,
  `user_role` varchar(20) CHARACTER SET utf8mb4 COLLATE utf8mb4_general_ci NOT NULL,
  `email` varchar(50) CHARACTER SET utf8mb4 COLLATE utf8mb4_general_ci DEFAULT NULL,
  `mobile_no` varchar(20) CHARACTER SET utf8mb4 COLLATE utf8mb4_general_ci DEFAULT NULL,
  `hire_date` datetime(6) DEFAULT NULL,
  `salary` double DEFAULT NULL,
  `first_name_ar` varchar(30) CHARACTER SET utf8mb4 COLLATE utf8mb4_general_ci DEFAULT NULL,
  `last_name_ar` varchar(30) CHARACTER SET utf8mb4 COLLATE utf8mb4_general_ci DEFAULT NULL,
  `date_time` timestamp NOT NULL DEFAULT CURRENT_TIMESTAMP,
  `otp` varchar(10) CHARACTER SET utf8mb4 COLLATE utf8mb4_general_ci DEFAULT NULL,
  `changepasswordcode` varchar(10) CHARACTER SET utf8mb4 COLLATE utf8mb4_general_ci DEFAULT NULL,
  `changeemailcode` varchar(600) CHARACTER SET utf8mb4 COLLATE utf8mb4_general_ci DEFAULT NULL,
  `changemobilecode` varchar(600) CHARACTER SET utf8mb4 COLLATE utf8mb4_general_ci DEFAULT NULL,
  `enable` bit(1) DEFAULT b'1',
  `locked` bit(1) DEFAULT b'0',
  `invalidattempts` int DEFAULT '0',
  `bypass3rdpartyauth` bit(1) DEFAULT b'0',
  `lattitude` varchar(200) CHARACTER SET utf8mb4 COLLATE utf8mb4_general_ci DEFAULT NULL,
  `longitude` varchar(200) CHARACTER SET utf8mb4 COLLATE utf8mb4_general_ci DEFAULT NULL,
  PRIMARY KEY (`user_id`),
  UNIQUE KEY `UKr43af9ap4edm43mmtq01oddj6` (`username`)
) ENGINE=InnoDB AUTO_INCREMENT=11 DEFAULT CHARSET=utf8mb4 COLLATE=utf8mb4_general_ci COMMENT='Registered Users with LDAP connection and GRC users';
/*!40101 SET character_set_client = @saved_cs_client */;

--
-- Dumping data for table `users`
--

LOCK TABLES `users` WRITE;
/*!40000 ALTER TABLE `users` DISABLE KEYS */;
INSERT INTO `users` VALUES (1,'tsadmin','','admin','$2a$10$Cfhfu/QuSgB7dvfPkX2u0ePvtmwH9S2LU8GfsSTRwXyhkSi92lcni','Admin','touficsleiman.uae@gmail.com','0566114217','2025-01-12 00:00:00.000000',NULL,'tsadmin','','2025-01-12 09:04:01','231187','070601',NULL,NULL,_binary '',_binary '\0',3,_binary '\0',NULL,NULL),(2,'tsuser','','user','$2a$10$5hmyQZlBnhuppOkim9RFROzFluKTXEbp1BfBBtwkEobXLr1KlzSAy','User','ts.charity25@gmail.com','',NULL,NULL,'tsuser','','2025-01-12 09:04:01',NULL,NULL,NULL,NULL,_binary '',_binary '\0',0,_binary '\0',NULL,NULL),(3,'Super','User','su','$2a$10$pX2YpEy2GL/GNaivzKjU7.3KfZmSVWZQUbGZIxZTm.VZASnC6ebKq','SuperAdmin','touficsleyman@gmail.com','',NULL,NULL,'Super','User','2025-04-06 19:00:42',NULL,'429006',NULL,NULL,_binary '',_binary '\0',0,_binary '\0',NULL,NULL),(8,'k','','touficsleiman.lb@gmail.com','$2a$10$a1v.d3Fn5P6UPeDLGGid6usbTdLDA/9O8QeY.2FQvevA/W9w4t8GW','User','touficsleiman.lb@gmail.com',NULL,NULL,NULL,'k','','2025-06-03 18:27:59',NULL,'883999',NULL,NULL,_binary '',_binary '\0',0,_binary '\0',NULL,NULL),(9,'toufic','','tsleiman.freelance@gmail.com','$2a$10$n1lZMYByFqVi0NOMFmD9V.nMRYZKLl9nJ28urAlj0n/VRV1Dgu5C2','User','tsleiman.freelance@gmail.com',NULL,NULL,NULL,'toufic','','2025-06-03 21:49:50',NULL,NULL,NULL,NULL,_binary '',_binary '\0',0,_binary '\0',NULL,NULL),(10,'TS SPSA','','ts.spsa@gmail.com','$2a$10$mAyElbevhwRr0/tPmEa6TuDd2eREKf3X5Ajjw51huFfhUQhjZf0Qe','User','ts.spsa@gmail.com',NULL,NULL,NULL,'TS SPSA','','2025-06-05 15:17:36',NULL,'497840',NULL,NULL,_binary '',_binary '\0',0,_binary '\0',NULL,NULL);
/*!40000 ALTER TABLE `users` ENABLE KEYS */;
UNLOCK TABLES;
/*!40103 SET TIME_ZONE=@OLD_TIME_ZONE */;

/*!40101 SET SQL_MODE=@OLD_SQL_MODE */;
/*!40014 SET FOREIGN_KEY_CHECKS=@OLD_FOREIGN_KEY_CHECKS */;
/*!40014 SET UNIQUE_CHECKS=@OLD_UNIQUE_CHECKS */;
/*!40101 SET CHARACTER_SET_CLIENT=@OLD_CHARACTER_SET_CLIENT */;
/*!40101 SET CHARACTER_SET_RESULTS=@OLD_CHARACTER_SET_RESULTS */;
/*!40101 SET COLLATION_CONNECTION=@OLD_COLLATION_CONNECTION */;
/*!40111 SET SQL_NOTES=@OLD_SQL_NOTES */;

-- Dump completed on 2025-06-05 16:05:19
